map,rank,agent,role,winrate,totalmatches
Abyss,Iron,Clove,Controller,0.5613087674714103,38476
Abyss,Iron,Reyna,Duelist,0.5437314697162219,56455
Abyss,Iron,Cypher,Sentinel,0.5428843710292249,23709
Abyss,Iron,Killjoy,Sentinel,0.5414019483269801,8375
Abyss,Iron,Deadlock,Sentinel,0.5383312155866159,11626
Abyss,Iron,Vyse,Sentinel,0.5344133841592545,5035
Abyss,Iron,Breach,Initiator,0.5333545108005082,6572
Abyss,Iron,Skye,Initiator,0.5333545108005082,9558
Abyss,Iron,Gekko,Initiator,0.5314485387547648,22795
Abyss,Iron,Chamber,Sentinel,0.5303896653960186,15478
Abyss,Iron,Sage,Sentinel,0.5296484540448962,48117
Abyss,Iron,Iso,Duelist,0.5295425667090216,18028
Abyss,Iron,Jett,Duelist,0.5282719186785261,30539
Abyss,Iron,Tejo,Initiator,0.5276365946632783,26920
Abyss,Iron,Sova,Initiator,0.5221304531977975,16552
Abyss,Iron,Brimstone,Controller,0.5217069038542991,13011
Abyss,Iron,Raze,Duelist,0.5205421431596781,18760
Abyss,Iron,Fade,Initiator,0.5198009318085557,8998
Abyss,Iron,Neon,Duelist,0.5178949597628123,20861
Abyss,Iron,Astra,Controller,0.5163066497246929,2580
Abyss,Iron,Omen,Controller,0.513130029648454,30956
Abyss,Iron,Phoenix,Duelist,0.5109063955950868,19377
Abyss,Iron,Viper,Controller,0.5081533248623464,4378
Abyss,Iron,Yoru,Duelist,0.5005294366793731,19358
Abyss,Iron,KAY/O,Initiator,0.49851757729775514,8348
Abyss,Iron,Harbor,Controller,0.4945997458703939,2948
Abyss,Bronze,Clove,Controller,0.5619440914866581,181477
Abyss,Bronze,Vyse,Sentinel,0.540554849639983,24762
Abyss,Bronze,Deadlock,Sentinel,0.540554849639983,52548
Abyss,Bronze,Reyna,Duelist,0.5372723422278696,214755
Abyss,Bronze,Jett,Duelist,0.5357899195256247,151262
Abyss,Bronze,Cypher,Sentinel,0.5348369335027531,109518
Abyss,Bronze,Iso,Duelist,0.533989834815756,72364
Abyss,Bronze,Gekko,Initiator,0.5338839474798814,79361
Abyss,Bronze,Sage,Sentinel,0.531977975434138,154178
Abyss,Bronze,Killjoy,Sentinel,0.5307073274036425,30786
Abyss,Bronze,Sova,Initiator,0.5307073274036425,67483
Abyss,Bronze,Breach,Initiator,0.5300720033883948,35568
Abyss,Bronze,Chamber,Sentinel,0.5290131300296484,72096
Abyss,Bronze,Tejo,Initiator,0.5272130453197797,103703
Abyss,Bronze,Phoenix,Duelist,0.5214951291825497,58933
Abyss,Bronze,Neon,Duelist,0.5213892418466751,63096
Abyss,Bronze,Skye,Initiator,0.5182126217704363,36099
Abyss,Bronze,Raze,Duelist,0.5149301143583227,59157
Abyss,Bronze,Astra,Controller,0.5123888182973316,17203
Abyss,Bronze,Brimstone,Controller,0.5123888182973316,41501
Abyss,Bronze,Fade,Initiator,0.5091063108852181,25295
Abyss,Bronze,Omen,Controller,0.49968233799237605,109811
Abyss,Bronze,KAY/O,Initiator,0.49195256247352814,32466
Abyss,Bronze,Yoru,Duelist,0.48983481575603555,44352
Abyss,Bronze,Viper,Controller,0.48274036425243544,9940
Abyss,Bronze,Harbor,Controller,0.47458703939008895,9576
Abyss,Silver,Clove,Controller,0.5601440067767894,176192
Abyss,Silver,Vyse,Sentinel,0.5450021177467175,28249
Abyss,Silver,Iso,Duelist,0.5390724269377382,63012
Abyss,Silver,Sova,Initiator,0.5386488775942396,74231
Abyss,Silver,Reyna,Duelist,0.536848792884371,179047
Abyss,Silver,Deadlock,Sentinel,0.5367429055484964,51522
Abyss,Silver,Jett,Duelist,0.536001694197374,172388
Abyss,Silver,Sage,Sentinel,0.5333545108005082,104667
Abyss,Silver,Breach,Initiator,0.5316603134265142,36541
Abyss,Silver,Cypher,Sentinel,0.5315544260906395,104496
Abyss,Silver,Gekko,Initiator,0.5310249894112664,66439
Abyss,Silver,Phoenix,Duelist,0.5298602287166454,42661
Abyss,Silver,Chamber,Sentinel,0.5297543413807708,72797
Abyss,Silver,Tejo,Initiator,0.5227657772130453,91509
Abyss,Silver,Neon,Duelist,0.5194832698009318,43299
Abyss,Silver,Brimstone,Controller,0.5153536637018212,26257
Abyss,Silver,Killjoy,Sentinel,0.5103769589157137,23199
Abyss,Silver,Fade,Initiator,0.5084709868699704,16732
Abyss,Silver,Skye,Initiator,0.508259212198221,27250
Abyss,Silver,Raze,Duelist,0.5077297755188479,44753
Abyss,Silver,Astra,Controller,0.5060355781448539,23448
Abyss,Silver,Omen,Controller,0.4905760271071579,89543
Abyss,Silver,KAY/O,Initiator,0.48951715374841165,27718
Abyss,Silver,Yoru,Duelist,0.4887759423972892,29731
Abyss,Silver,Viper,Controller,0.4761753494282083,5052
Abyss,Silver,Harbor,Controller,0.4583862770012706,6357
Abyss,Gold,Clove,Controller,0.5581321473951715,134585
Abyss,Gold,Vyse,Sentinel,0.5500847098686997,24799
Abyss,Gold,Iso,Duelist,0.5417196103346039,46672
Abyss,Gold,Sova,Initiator,0.5411901736552308,67574
Abyss,Gold,Deadlock,Sentinel,0.536848792884371,39577
Abyss,Gold,Jett,Duelist,0.5356840321897501,145907
Abyss,Gold,Reyna,Duelist,0.5332486234646336,120171
Abyss,Gold,Sage,Sentinel,0.5329309614570097,54368
Abyss,Gold,Breach,Initiator,0.5320838627700126,26902
Abyss,Gold,Gekko,Initiator,0.5308132147395171,45987
Abyss,Gold,Cypher,Sentinel,0.5293307920372723,81076
Abyss,Gold,Phoenix,Duelist,0.5277424819991529,24907
Abyss,Gold,Chamber,Sentinel,0.5271071579839051,57140
Abyss,Gold,Tejo,Initiator,0.520012706480305,66600
Abyss,Gold,Neon,Duelist,0.5128123676408302,25474
Abyss,Gold,Skye,Initiator,0.5104828462515882,15763
Abyss,Gold,Brimstone,Controller,0.508259212198221,12800
Abyss,Gold,Fade,Initiator,0.5069885641677255,9281
Abyss,Gold,Astra,Controller,0.5067767894959763,22856
Abyss,Gold,Raze,Duelist,0.5060355781448539,26273
Abyss,Gold,Killjoy,Sentinel,0.5039178314273614,12362
Abyss,Gold,Yoru,Duelist,0.49947056332062684,19361
Abyss,Gold,Viper,Controller,0.4929055484963998,2318
Abyss,Gold,KAY/O,Initiator,0.4854934349851758,18158
Abyss,Gold,Omen,Controller,0.4854934349851758,58606
Abyss,Gold,Harbor,Controller,0.4575391783142736,3393
Abyss,Platinum,Clove,Controller,0.5573909360440491,79928
Abyss,Platinum,Deadlock,Sentinel,0.5452138924184667,23145
Abyss,Platinum,Iso,Duelist,0.5452138924184667,28122
Abyss,Platinum,Sova,Initiator,0.5410842863193562,49627
Abyss,Platinum,Vyse,Sentinel,0.5394959762812368,16860
Abyss,Platinum,Sage,Sentinel,0.5355781448538754,20935
Abyss,Platinum,Phoenix,Duelist,0.5345192714951291,11196
Abyss,Platinum,Jett,Duelist,0.5338839474798814,93506
Abyss,Platinum,Reyna,Duelist,0.5329309614570097,63274
Abyss,Platinum,Gekko,Initiator,0.531130876747141,24635
Abyss,Platinum,Chamber,Sentinel,0.5282719186785261,31813
Abyss,Platinum,Cypher,Sentinel,0.5258365099534095,50984
Abyss,Platinum,Neon,Duelist,0.5244599745870394,11987
Abyss,Platinum,Fade,Initiator,0.5177890724269377,4102
Abyss,Platinum,Tejo,Initiator,0.5171537484116899,36834
Abyss,Platinum,Breach,Initiator,0.5167301990681914,14554
Abyss,Platinum,Viper,Controller,0.5080474375264717,917
Abyss,Platinum,Skye,Initiator,0.5077297755188479,6721
Abyss,Platinum,Brimstone,Controller,0.5072003388394748,4820
Abyss,Platinum,Astra,Controller,0.5024354087251165,16418
Abyss,Platinum,Raze,Duelist,0.5015883100381194,11575
Abyss,Platinum,Yoru,Duelist,0.49152901313002967,10753
Abyss,Platinum,Killjoy,Sentinel,0.48559932232105035,5004
Abyss,Platinum,Omen,Controller,0.4798814061838204,29407
Abyss,Platinum,KAY/O,Initiator,0.478293096145701,9279
Abyss,Platinum,Harbor,Controller,0.4638924184667514,1454
Abyss,Diamond,Clove,Controller,0.5531554426090639,60041
Abyss,Diamond,Iso,Duelist,0.5508259212198221,22665
Abyss,Diamond,Vyse,Sentinel,0.5498729351969505,13737
Abyss,Diamond,Sage,Sentinel,0.5427784836933502,8051
Abyss,Diamond,Deadlock,Sentinel,0.5424608216857263,17151
Abyss,Diamond,Sova,Initiator,0.5347310461668784,44368
Abyss,Diamond,Reyna,Duelist,0.5313426514188903,42145
Abyss,Diamond,Jett,Duelist,0.5313426514188903,72023
Abyss,Diamond,Breach,Initiator,0.529436679373147,8834
Abyss,Diamond,Neon,Duelist,0.5290131300296484,7352
Abyss,Diamond,Chamber,Sentinel,0.5284836933502752,21110
Abyss,Diamond,Cypher,Sentinel,0.5223422278695468,38933
Abyss,Diamond,Gekko,Initiator,0.5218127911901737,14564
Abyss,Diamond,Tejo,Initiator,0.5212833545108004,25284
Abyss,Diamond,Skye,Initiator,0.5205421431596781,3029
Abyss,Diamond,Raze,Duelist,0.5154595510376958,5555
Abyss,Diamond,Brimstone,Controller,0.5127064803049555,1958
Abyss,Diamond,Phoenix,Duelist,0.5111181702668361,5751
Abyss,Diamond,Fade,Initiator,0.49915290131300294,1920
Abyss,Diamond,Astra,Controller,0.4949174078780178,12924
Abyss,Diamond,Yoru,Duelist,0.49428208386277,7737
Abyss,Diamond,Killjoy,Sentinel,0.4941761965268954,1875
Abyss,Diamond,Omen,Controller,0.4776577721304532,17245
Abyss,Diamond,Viper,Controller,0.47670478610758155,442
Abyss,Diamond,KAY/O,Initiator,0.47183396865734856,5184
Abyss,Diamond,Harbor,Controller,0.4590216010165184,722
Abyss,Ascendant,Brimstone,Controller,0.5959339263024143,645
Abyss,Ascendant,Sage,Sentinel,0.594557390936044,1902
Abyss,Ascendant,Breach,Initiator,0.5620499788225328,2681
Abyss,Ascendant,Iso,Duelist,0.5561202880135536,15791
Abyss,Ascendant,Clove,Controller,0.5462727657772131,33624
Abyss,Ascendant,Vyse,Sentinel,0.5460609911054638,9671
Abyss,Ascendant,Skye,Initiator,0.5455315544260907,691
Abyss,Ascendant,Neon,Duelist,0.544260906395595,3578
Abyss,Ascendant,Deadlock,Sentinel,0.539707750952986,8722
Abyss,Ascendant,Sova,Initiator,0.5306014400677679,30125
Abyss,Ascendant,Yoru,Duelist,0.529436679373147,5216
Abyss,Ascendant,Reyna,Duelist,0.5286954680220245,19447
Abyss,Ascendant,Jett,Duelist,0.5283778060144007,39566
Abyss,Ascendant,Chamber,Sentinel,0.5260482846251588,8082
Abyss,Ascendant,Tejo,Initiator,0.5163066497246929,11935
Abyss,Ascendant,Cypher,Sentinel,0.5162007623888183,20247
Abyss,Ascendant,Gekko,Initiator,0.5105887335874629,4206
Abyss,Ascendant,Phoenix,Duelist,0.5015883100381194,1879
Abyss,Ascendant,Raze,Duelist,0.4803049555273189,1488
Abyss,Ascendant,Astra,Controller,0.4785048708174502,7480
Abyss,Ascendant,Omen,Controller,0.47458703939008895,5658
Abyss,Ascendant,Harbor,Controller,0.4701397712833545,277
Abyss,Ascendant,KAY/O,Initiator,0.46929267259635743,1760
Abyss,Ascendant,Killjoy,Sentinel,0.46823379923761116,389
Abyss,Ascendant,Fade,Initiator,0.46188055908513337,486
Abyss,Ascendant,Viper,Controller,0.458280389665396,134
Abyss,Immortal,Viper,Controller,0.8421219822109275,127
Abyss,Immortal,Killjoy,Sentinel,0.7260694620923337,35
Abyss,Immortal,Breach,Initiator,0.7157983905124946,321
Abyss,Immortal,Sage,Sentinel,0.6261118170266836,367
Abyss,Immortal,Harbor,Controller,0.6020753917831427,102
Abyss,Immortal,Raze,Duelist,0.6003811944091486,261
Abyss,Immortal,Deadlock,Sentinel,0.5872511647606946,2901
Abyss,Immortal,Gekko,Initiator,0.5812155866158407,481
Abyss,Immortal,Tejo,Initiator,0.5703091910207538,4174
Abyss,Immortal,Skye,Initiator,0.5559085133418042,80
Abyss,Immortal,Clove,Controller,0.5504023718763236,14229
Abyss,Immortal,Iso,Duelist,0.5380135535789919,7654
Abyss,Immortal,Chamber,Sentinel,0.5357899195256247,2002
Abyss,Immortal,Neon,Duelist,0.5259423972892842,1498
Abyss,Immortal,Phoenix,Duelist,0.524565861922914,539
Abyss,Immortal,Yoru,Duelist,0.5240364252435409,3350
Abyss,Immortal,Jett,Duelist,0.5236128759000424,15669
Abyss,Immortal,Vyse,Sentinel,0.5231893265565438,6656
Abyss,Immortal,Sova,Initiator,0.5202244811520542,14686
Abyss,Immortal,KAY/O,Initiator,0.518847945785684,647
Abyss,Immortal,Reyna,Duelist,0.5096357475645913,6318
Abyss,Immortal,Cypher,Sentinel,0.5055061414654807,7212
Abyss,Immortal,Astra,Controller,0.47554002541296053,3293
Abyss,Immortal,Omen,Controller,0.46018636171113936,1422
Abyss,Immortal,Fade,Initiator,0.40586615840745444,120
Abyss,Immortal,Brimstone,Controller,0.3198856416772554,96
Abyss,Radiant,Gekko,Initiator,0.6195468022024565,282
Abyss,Radiant,Brimstone,Controller,0.6190173655230834,65
Abyss,Radiant,Deadlock,Sentinel,0.60429902583651,1442
Abyss,Radiant,Sage,Sentinel,0.6016518424396442,220
Abyss,Radiant,Vyse,Sentinel,0.5597204574332909,6334
Abyss,Radiant,Iso,Duelist,0.5551673019906819,5310
Abyss,Radiant,Astra,Controller,0.5543202033036848,2806
Abyss,Radiant,Phoenix,Duelist,0.5542143159678102,321
Abyss,Radiant,Sova,Initiator,0.538860652265989,11132
Abyss,Radiant,Jett,Duelist,0.5279542566709021,11164
Abyss,Radiant,Reyna,Duelist,0.5268953833121558,3501
Abyss,Radiant,Neon,Duelist,0.5257306226175349,1001
Abyss,Radiant,Yoru,Duelist,0.5238246505717916,3408
Abyss,Radiant,Clove,Controller,0.5157772130453198,9557
Abyss,Radiant,KAY/O,Initiator,0.5068826768318508,445
Abyss,Radiant,Tejo,Initiator,0.5020118593816179,2065
Abyss,Radiant,Cypher,Sentinel,0.4956586192291402,4112
Abyss,Radiant,Omen,Controller,0.4867640830156713,1042
Abyss,Radiant,Chamber,Sentinel,0.45531554426090637,1293
Abyss,Radiant,Raze,Duelist,0.4445150360016941,81
Abyss,Radiant,Breach,Initiator,0.4277848369335027,151
Abyss,Radiant,Skye,Initiator,0.39008894536213473,38
Abyss,Radiant,Fade,Initiator,0.1985387547649301,80
Abyss,Radiant,Viper,Controller,0.19250317662007624,88
Abyss,Radiant,Killjoy,Sentinel,0.029860228716645485,71
Abyss,Radiant,Harbor,Controller,0.0,41
Bind,Iron,Killjoy,Sentinel,0.5573909360440491,8905
Bind,Iron,Clove,Controller,0.5561202880135536,34557
Bind,Iron,Cypher,Sentinel,0.545108005082592,26063
Bind,Iron,Reyna,Duelist,0.5391783142736128,53111
Bind,Iron,Deadlock,Sentinel,0.5364252435408724,10907
Bind,Iron,Breach,Initiator,0.5351545955103769,5453
Bind,Iron,Gekko,Initiator,0.5343074968233799,21534
Bind,Iron,Raze,Duelist,0.5343074968233799,23321
Bind,Iron,Sage,Sentinel,0.532295637441762,42973
Bind,Iron,Chamber,Sentinel,0.5316603134265142,13918
Bind,Iron,Brimstone,Controller,0.527424819991529,17207
Bind,Iron,Skye,Initiator,0.5243540872511647,10958
Bind,Iron,Phoenix,Duelist,0.5226598898771706,19388
Bind,Iron,Jett,Duelist,0.522554002541296,23640
Bind,Iron,Vyse,Sentinel,0.5208598051673019,3655
Bind,Iron,Iso,Duelist,0.5191656077933079,15326
Bind,Iron,Neon,Duelist,0.5190597204574333,19021
Bind,Iron,Omen,Controller,0.5181067344345616,26056
Bind,Iron,Sova,Initiator,0.5172596357475646,13130
Bind,Iron,Tejo,Initiator,0.5160948750529437,25275
Bind,Iron,Viper,Controller,0.5116476069462093,5083
Bind,Iron,Astra,Controller,0.5106946209233375,1692
Bind,Iron,Fade,Initiator,0.5105887335874629,9342
Bind,Iron,Yoru,Duelist,0.5039178314273614,18322
Bind,Iron,KAY/O,Initiator,0.5038119440914867,6927
Bind,Iron,Harbor,Controller,0.49957645065650147,2306
Bind,Bronze,Clove,Controller,0.5553790766624311,164292
Bind,Bronze,Deadlock,Sentinel,0.5394959762812368,47492
Bind,Bronze,Reyna,Duelist,0.5381194409148665,208031
Bind,Bronze,Killjoy,Sentinel,0.536001694197374,39488
Bind,Bronze,Gekko,Initiator,0.5358958068614993,76137
Bind,Bronze,Cypher,Sentinel,0.5355781448538754,128635
Bind,Bronze,Raze,Duelist,0.5353663701821262,107479
Bind,Bronze,Sage,Sentinel,0.5349428208386277,139104
Bind,Bronze,Vyse,Sentinel,0.5317662007623888,14137
Bind,Bronze,Jett,Duelist,0.5300720033883948,111697
Bind,Bronze,Phoenix,Duelist,0.529436679373147,64025
Bind,Bronze,Fade,Initiator,0.5281660313426514,33206
Bind,Bronze,Brimstone,Controller,0.5279542566709021,74337
Bind,Bronze,Breach,Initiator,0.5255188479457857,28430
Bind,Bronze,Skye,Initiator,0.524565861922914,52647
Bind,Bronze,Chamber,Sentinel,0.5237187632359169,66147
Bind,Bronze,Iso,Duelist,0.5213892418466751,55923
Bind,Bronze,Neon,Duelist,0.5207539178314273,56258
Bind,Bronze,Tejo,Initiator,0.5201185938161795,101174
Bind,Bronze,Sova,Initiator,0.520012706480305,45188
Bind,Bronze,Viper,Controller,0.5049767047861076,15583
Bind,Bronze,Omen,Controller,0.4989411266412537,91010
Bind,Bronze,Astra,Controller,0.4978822532825074,8505
Bind,Bronze,Yoru,Duelist,0.4953409572215163,45003
Bind,Bronze,KAY/O,Initiator,0.4891994917407878,25541
Bind,Bronze,Harbor,Controller,0.4698221092757306,6491
Bind,Silver,Clove,Controller,0.5532613299449386,154333
Bind,Silver,Deadlock,Sentinel,0.542566709021601,42326
Bind,Silver,Phoenix,Duelist,0.5380135535789919,48801
Bind,Silver,Gekko,Initiator,0.5378017789072427,59039
Bind,Silver,Sage,Sentinel,0.5367429055484964,93153
Bind,Silver,Reyna,Duelist,0.5346251588310038,167778
Bind,Silver,Raze,Duelist,0.5343074968233799,112343
Bind,Silver,Vyse,Sentinel,0.5329309614570097,12917
Bind,Silver,Skye,Initiator,0.5312367640830157,53165
Bind,Silver,Cypher,Sentinel,0.5307073274036425,118798
Bind,Silver,Fade,Initiator,0.5301778907242694,26176
Bind,Silver,Jett,Duelist,0.5285895806861499,115116
Bind,Silver,Killjoy,Sentinel,0.526577721304532,34041
Bind,Silver,Brimstone,Controller,0.5263659466327827,67421
Bind,Silver,Sova,Initiator,0.5261541719610334,37566
Bind,Silver,Iso,Duelist,0.5253070732740364,40899
Bind,Silver,Chamber,Sentinel,0.5237187632359169,64239
Bind,Silver,Neon,Duelist,0.5221304531977975,35750
Bind,Silver,Breach,Initiator,0.5183185091063109,27481
Bind,Silver,Tejo,Initiator,0.5164125370605676,90894
Bind,Silver,Yoru,Duelist,0.5113299449385853,29628
Bind,Silver,Viper,Controller,0.4954468445573909,10851
Bind,Silver,Omen,Controller,0.4932232105040237,66512
Bind,Silver,Astra,Controller,0.4897289284201609,8417
Bind,Silver,KAY/O,Initiator,0.4873994070309191,19378
Bind,Silver,Harbor,Controller,0.4463151207115629,3388
Bind,Gold,Clove,Controller,0.5505082592121983,122933
Bind,Gold,Deadlock,Sentinel,0.545425667090216,32078
Bind,Gold,Sage,Sentinel,0.5398136382888606,51855
Bind,Gold,Gekko,Initiator,0.5355781448538754,40494
Bind,Gold,Fade,Initiator,0.5351545955103769,19040
Bind,Gold,Phoenix,Duelist,0.5348369335027531,32881
Bind,Gold,Iso,Duelist,0.5346251588310038,25881
Bind,Gold,Reyna,Duelist,0.5333545108005082,113493
Bind,Gold,Raze,Duelist,0.5328250741211351,95191
Bind,Gold,Vyse,Sentinel,0.5303896653960186,10695
Bind,Gold,Skye,Initiator,0.5300720033883948,47053
Bind,Gold,Chamber,Sentinel,0.5288013553578992,50758
Bind,Gold,Sova,Initiator,0.5284836933502752,27204
Bind,Gold,Neon,Duelist,0.5278483693350275,20639
Bind,Gold,Cypher,Sentinel,0.527424819991529,92685
Bind,Gold,Jett,Duelist,0.5272130453197797,94675
Bind,Gold,Brimstone,Controller,0.5243540872511647,51531
Bind,Gold,Tejo,Initiator,0.5204362558238035,69998
Bind,Gold,Viper,Controller,0.5164125370605676,6590
Bind,Gold,Killjoy,Sentinel,0.5160948750529437,22757
Bind,Gold,Yoru,Duelist,0.5139771283354511,20352
Bind,Gold,Breach,Initiator,0.5136594663278271,20243
Bind,Gold,Omen,Controller,0.4868699703515459,39967
Bind,Gold,Astra,Controller,0.48348157560355776,6277
Bind,Gold,KAY/O,Initiator,0.4794578568403219,11929
Bind,Gold,Harbor,Controller,0.4474798814061838,1531
Bind,Platinum,Deadlock,Sentinel,0.5507200338839474,19425
Bind,Platinum,Clove,Controller,0.548284625158831,74798
Bind,Platinum,Iso,Duelist,0.5481787378229563,13327
Bind,Platinum,Vyse,Sentinel,0.5475434138077085,6672
Bind,Platinum,Sage,Sentinel,0.5436255823803473,22024
Bind,Platinum,Neon,Duelist,0.5381194409148665,9422
Bind,Platinum,Fade,Initiator,0.5358958068614993,10782
Bind,Platinum,Gekko,Initiator,0.5351545955103769,20848
Bind,Platinum,Reyna,Duelist,0.5330368487928844,59237
Bind,Platinum,Phoenix,Duelist,0.5328250741211351,16247
Bind,Platinum,Skye,Initiator,0.5307073274036425,32075
Bind,Platinum,Raze,Duelist,0.5299661160525201,58230
Bind,Platinum,Jett,Duelist,0.5270012706480305,57971
Bind,Platinum,Cypher,Sentinel,0.5266836086404066,56757
Bind,Platinum,Sova,Initiator,0.5262600592969081,14797
Bind,Platinum,Chamber,Sentinel,0.52287166454892,28405
Bind,Platinum,Yoru,Duelist,0.5219186785260482,11235
Bind,Platinum,Brimstone,Controller,0.5192714951291825,29354
Bind,Platinum,Tejo,Initiator,0.5190597204574333,40414
Bind,Platinum,Killjoy,Sentinel,0.5138712409995765,10319
Bind,Platinum,Breach,Initiator,0.5090004235493435,11155
Bind,Platinum,Viper,Controller,0.4984116899618805,3119
Bind,Platinum,Omen,Controller,0.4840110122829309,17694
Bind,Platinum,KAY/O,Initiator,0.4818932655654383,5260
Bind,Platinum,Astra,Controller,0.4719398559932232,3354
Bind,Platinum,Harbor,Controller,0.4322321050402372,539
Bind,Diamond,Deadlock,Sentinel,0.5560144006776789,14879
Bind,Diamond,Sage,Sentinel,0.549131723845828,10376
Bind,Diamond,Iso,Duelist,0.5479669631512071,9328
Bind,Diamond,Clove,Controller,0.5462727657772131,58170
Bind,Diamond,Neon,Duelist,0.5420372723422279,5962
Bind,Diamond,Fade,Initiator,0.5403430749682337,7788
Bind,Diamond,Phoenix,Duelist,0.5400254129606099,9502
Bind,Diamond,Vyse,Sentinel,0.5326132994493858,5006
Bind,Diamond,Reyna,Duelist,0.5325074121135112,39462
Bind,Diamond,Skye,Initiator,0.5318720880982634,27395
Bind,Diamond,Gekko,Initiator,0.5315544260906395,12167
Bind,Diamond,Raze,Duelist,0.531130876747141,43090
Bind,Diamond,Sova,Initiator,0.5275307073274036,10165
Bind,Diamond,Jett,Duelist,0.5260482846251588,43836
Bind,Diamond,Chamber,Sentinel,0.5259423972892842,18352
Bind,Diamond,Cypher,Sentinel,0.5248835239305378,43732
Bind,Diamond,Yoru,Duelist,0.5227657772130453,8196
Bind,Diamond,Tejo,Initiator,0.5154595510376958,29135
Bind,Diamond,Brimstone,Controller,0.512282930961457,19248
Bind,Diamond,Breach,Initiator,0.5074121135112241,6469
Bind,Diamond,Killjoy,Sentinel,0.5052943667937314,5015
Bind,Diamond,Viper,Controller,0.4869758576874206,1844
Bind,Diamond,Astra,Controller,0.484858110969928,2136
Bind,Diamond,KAY/O,Initiator,0.47575180008470985,2517
Bind,Diamond,Omen,Controller,0.472575180008471,8572
Bind,Diamond,Harbor,Controller,0.4227022448115205,238
Bind,Ascendant,Sage,Sentinel,0.5804743752647183,2720
Bind,Ascendant,Iso,Duelist,0.5702033036848793,6240
Bind,Ascendant,Neon,Duelist,0.5636382888606523,3466
Bind,Ascendant,Sova,Initiator,0.5608852181279118,4376
Bind,Ascendant,Phoenix,Duelist,0.5484963998305802,3301
Bind,Ascendant,Chamber,Sentinel,0.5422490470139771,6873
Bind,Ascendant,Fade,Initiator,0.5373782295637441,4589
Bind,Ascendant,Reyna,Duelist,0.5370605675561202,19055
Bind,Ascendant,Clove,Controller,0.5333545108005082,34717
Bind,Ascendant,Viper,Controller,0.5307073274036425,1245
Bind,Ascendant,Jett,Duelist,0.529436679373147,23234
Bind,Ascendant,Tejo,Initiator,0.5250952986022872,15877
Bind,Ascendant,Breach,Initiator,0.5243540872511647,2165
Bind,Ascendant,Astra,Controller,0.5240364252435409,780
Bind,Ascendant,Skye,Initiator,0.5227657772130453,17354
Bind,Ascendant,Yoru,Duelist,0.5223422278695468,5271
Bind,Ascendant,Cypher,Sentinel,0.5221304531977975,22734
Bind,Ascendant,Deadlock,Sentinel,0.5217069038542991,10402
Bind,Ascendant,Brimstone,Controller,0.5203303684879288,8114
Bind,Ascendant,Gekko,Initiator,0.5193773824650572,4310
Bind,Ascendant,Raze,Duelist,0.5162007623888183,24113
Bind,Ascendant,Killjoy,Sentinel,0.5138712409995765,1119
Bind,Ascendant,Vyse,Sentinel,0.5066709021601017,3762
Bind,Ascendant,Omen,Controller,0.49650571791613723,2073
Bind,Ascendant,KAY/O,Initiator,0.4936467598475222,607
Bind,Ascendant,Harbor,Controller,0.4201609487505294,63
Bind,Immortal,Harbor,Controller,0.7200338839474798,25
Bind,Immortal,Sage,Sentinel,0.6210292249047014,474
Bind,Immortal,Neon,Duelist,0.6045108005082592,1291
Bind,Immortal,Phoenix,Duelist,0.5798390512494705,683
Bind,Immortal,Viper,Controller,0.5734858110969927,949
Bind,Immortal,Deadlock,Sentinel,0.5617323168149089,5815
Bind,Immortal,Brimstone,Controller,0.5601440067767894,2314
Bind,Immortal,Reyna,Duelist,0.5596145700974163,6290
Bind,Immortal,Vyse,Sentinel,0.5476493011435832,2879
Bind,Immortal,Killjoy,Sentinel,0.5469080897924607,91
Bind,Immortal,Iso,Duelist,0.5378017789072427,3107
Bind,Immortal,Fade,Initiator,0.5330368487928844,2356
Bind,Immortal,Yoru,Duelist,0.5329309614570097,2903
Bind,Immortal,Raze,Duelist,0.5321897501058873,10860
Bind,Immortal,Tejo,Initiator,0.5288013553578992,6320
Bind,Immortal,Clove,Controller,0.526577721304532,14727
Bind,Immortal,Skye,Initiator,0.5261541719610334,6977
Bind,Immortal,Jett,Duelist,0.49989411266412537,7033
Bind,Immortal,Cypher,Sentinel,0.49872935196950446,7159
Bind,Immortal,Gekko,Initiator,0.4858110969927997,1031
Bind,Immortal,Sova,Initiator,0.47088098263447686,1057
Bind,Immortal,Chamber,Sentinel,0.45796272765777213,1660
Bind,Immortal,Breach,Initiator,0.4565861922914019,276
Bind,Immortal,Omen,Controller,0.4552096569250318,221
Bind,Immortal,KAY/O,Initiator,0.45012706480304954,167
Bind,Immortal,Astra,Controller,0.4235493434985176,245
Bind,Radiant,Killjoy,Sentinel,0.9999999999999999,18
Bind,Radiant,KAY/O,Initiator,0.8549343498517576,135
Bind,Radiant,Yoru,Duelist,0.5926514188903007,3427
Bind,Radiant,Breach,Initiator,0.5865099534095722,204
Bind,Radiant,Phoenix,Duelist,0.578568403218975,507
Bind,Radiant,Sage,Sentinel,0.5781448538754764,337
Bind,Radiant,Gekko,Initiator,0.5717916137229987,913
Bind,Radiant,Clove,Controller,0.5512494705633206,11327
Bind,Radiant,Sova,Initiator,0.5508259212198221,644
Bind,Radiant,Cypher,Sentinel,0.5469080897924607,4877
Bind,Radiant,Vyse,Sentinel,0.5423549343498517,3081
Bind,Radiant,Fade,Initiator,0.5367429055484964,2752
Bind,Radiant,Tejo,Initiator,0.533142736128759,4580
Bind,Radiant,Raze,Duelist,0.5297543413807708,9277
Bind,Radiant,Deadlock,Sentinel,0.529436679373147,4902
Bind,Radiant,Omen,Controller,0.5121770436255824,184
Bind,Radiant,Skye,Initiator,0.5079415501905972,5564
Bind,Radiant,Jett,Duelist,0.5057179161372299,4899
Bind,Radiant,Viper,Controller,0.500847098686997,962
Bind,Radiant,Reyna,Duelist,0.49989411266412537,4499
Bind,Radiant,Neon,Duelist,0.49936467598475215,933
Bind,Radiant,Chamber,Sentinel,0.4940703091910207,1421
Bind,Radiant,Iso,Duelist,0.48475222363405335,1848
Bind,Radiant,Astra,Controller,0.46897501058873353,219
Bind,Radiant,Brimstone,Controller,0.44038542990258367,2354
Bind,Radiant,Harbor,Controller,0.0,6
Fracture,Iron,Clove,Controller,0.5684032189750106,30686
Fracture,Iron,Reyna,Duelist,0.543413807708598,46993
Fracture,Iron,Killjoy,Sentinel,0.5428843710292249,10016
Fracture,Iron,Deadlock,Sentinel,0.539707750952986,10114
Fracture,Iron,Vyse,Sentinel,0.5387547649301143,3473
Fracture,Iron,Sage,Sentinel,0.5344133841592545,37837
Fracture,Iron,Chamber,Sentinel,0.5337780601440067,13258
Fracture,Iron,Raze,Duelist,0.5316603134265142,16253
Fracture,Iron,Jett,Duelist,0.5312367640830157,22318
Fracture,Iron,Gekko,Initiator,0.531130876747141,18212
Fracture,Iron,Cypher,Sentinel,0.529119017365523,16050
Fracture,Iron,Breach,Initiator,0.5267894959762812,6731
Fracture,Iron,Neon,Duelist,0.5266836086404066,18266
Fracture,Iron,Skye,Initiator,0.5262600592969081,9102
Fracture,Iron,Brimstone,Controller,0.5231893265565438,13167
Fracture,Iron,Iso,Duelist,0.5222363405336722,15025
Fracture,Iron,Fade,Initiator,0.5216010165184244,8210
Fracture,Iron,Phoenix,Duelist,0.5198009318085557,17119
Fracture,Iron,Tejo,Initiator,0.5182126217704363,23200
Fracture,Iron,KAY/O,Initiator,0.5079415501905972,7182
Fracture,Iron,Sova,Initiator,0.5067767894959763,11912
Fracture,Iron,Omen,Controller,0.5060355781448539,22507
Fracture,Iron,Viper,Controller,0.5056120288013554,4679
Fracture,Iron,Harbor,Controller,0.5039178314273614,2755
Fracture,Iron,Yoru,Duelist,0.4972469292672596,15613
Fracture,Iron,Astra,Controller,0.49597628123676407,1772
Fracture,Bronze,Clove,Controller,0.5609911054637865,140495
Fracture,Bronze,Reyna,Duelist,0.5400254129606099,188613
Fracture,Bronze,Killjoy,Sentinel,0.5375900042354934,52316
Fracture,Bronze,Jett,Duelist,0.536001694197374,110377
Fracture,Bronze,Sage,Sentinel,0.5349428208386277,125096
Fracture,Bronze,Chamber,Sentinel,0.5349428208386277,68877
Fracture,Bronze,Deadlock,Sentinel,0.5332486234646336,43860
Fracture,Bronze,Breach,Initiator,0.5313426514188903,45377
Fracture,Bronze,Phoenix,Duelist,0.5312367640830157,55609
Fracture,Bronze,Vyse,Sentinel,0.5303896653960186,13868
Fracture,Bronze,Gekko,Initiator,0.5303896653960186,60932
Fracture,Bronze,Brimstone,Controller,0.529119017365523,58256
Fracture,Bronze,Cypher,Sentinel,0.5283778060144007,67162
Fracture,Bronze,Neon,Duelist,0.5267894959762812,61621
Fracture,Bronze,Raze,Duelist,0.5247776365946633,61716
Fracture,Bronze,Skye,Initiator,0.5236128759000424,37759
Fracture,Bronze,Fade,Initiator,0.52287166454892,26766
Fracture,Bronze,Iso,Duelist,0.5226598898771706,57133
Fracture,Bronze,Tejo,Initiator,0.5193773824650572,96972
Fracture,Bronze,Sova,Initiator,0.513130029648454,38381
Fracture,Bronze,KAY/O,Initiator,0.5040237187632359,27222
Fracture,Bronze,Viper,Controller,0.5033883947479881,16143
Fracture,Bronze,Astra,Controller,0.49597628123676407,10240
Fracture,Bronze,Harbor,Controller,0.4938585345192715,9765
Fracture,Bronze,Omen,Controller,0.49332909783989837,79682
Fracture,Bronze,Yoru,Duelist,0.4917407878017789,39312
Fracture,Silver,Clove,Controller,0.5587674714104193,142571
Fracture,Silver,Reyna,Duelist,0.538542990258365,176204
Fracture,Silver,Jett,Duelist,0.536848792884371,136781
Fracture,Silver,Phoenix,Duelist,0.5367429055484964,47183
Fracture,Silver,Sage,Sentinel,0.5351545955103769,97211
Fracture,Silver,Brimstone,Controller,0.5320838627700126,66405
Fracture,Silver,Chamber,Sentinel,0.5318720880982634,80880
Fracture,Silver,Breach,Initiator,0.5315544260906395,65488
Fracture,Silver,Killjoy,Sentinel,0.5314485387547648,62514
Fracture,Silver,Cypher,Sentinel,0.5312367640830157,65793
Fracture,Silver,Deadlock,Sentinel,0.5310249894112664,41245
Fracture,Silver,Neon,Duelist,0.5280601440067767,52954
Fracture,Silver,Fade,Initiator,0.5268953833121558,23516
Fracture,Silver,Vyse,Sentinel,0.5252011859381618,13480
Fracture,Silver,Gekko,Initiator,0.5248835239305378,48615
Fracture,Silver,Tejo,Initiator,0.5241423125794155,102317
Fracture,Silver,Skye,Initiator,0.5230834392206691,34277
Fracture,Silver,Iso,Duelist,0.52287166454892,48540
Fracture,Silver,Raze,Duelist,0.5207539178314273,61901
Fracture,Silver,Sova,Initiator,0.5100592969080898,32010
Fracture,Silver,Viper,Controller,0.5026471833968656,14978
Fracture,Silver,Astra,Controller,0.49671749258788644,13044
Fracture,Silver,KAY/O,Initiator,0.4935408725116476,24681
Fracture,Silver,Yoru,Duelist,0.4932232105040237,28968
Fracture,Silver,Omen,Controller,0.4900465904277848,67259
Fracture,Silver,Harbor,Controller,0.4696103346039813,7865
Fracture,Gold,Clove,Controller,0.5578144853875476,95527
Fracture,Gold,Reyna,Duelist,0.5367429055484964,110007
Fracture,Gold,Neon,Duelist,0.5364252435408724,32652
Fracture,Gold,Phoenix,Duelist,0.5357899195256247,26479
Fracture,Gold,Sage,Sentinel,0.5354722575180009,46877
Fracture,Gold,Jett,Duelist,0.5352604828462515,106714
Fracture,Gold,Brimstone,Controller,0.5345192714951291,52123
Fracture,Gold,Deadlock,Sentinel,0.5333545108005082,25814
Fracture,Gold,Fade,Initiator,0.5332486234646336,15311
Fracture,Gold,Killjoy,Sentinel,0.5315544260906395,48078
Fracture,Gold,Vyse,Sentinel,0.5299661160525201,9239
Fracture,Gold,Iso,Duelist,0.5290131300296484,28935
Fracture,Gold,Chamber,Sentinel,0.5289072426937739,62185
Fracture,Gold,Cypher,Sentinel,0.5280601440067767,45104
Fracture,Gold,Breach,Initiator,0.5279542566709021,57192
Fracture,Gold,Skye,Initiator,0.5268953833121558,20182
Fracture,Gold,Gekko,Initiator,0.5266836086404066,26556
Fracture,Gold,Tejo,Initiator,0.522554002541296,74128
Fracture,Gold,Raze,Duelist,0.5193773824650572,43267
Fracture,Gold,Sova,Initiator,0.5086827615417195,18072
Fracture,Gold,Viper,Controller,0.5050825921219823,9974
Fracture,Gold,Yoru,Duelist,0.49999999999999994,16582
Fracture,Gold,KAY/O,Initiator,0.49216433714527735,14762
Fracture,Gold,Astra,Controller,0.4920584498094028,10335
Fracture,Gold,Omen,Controller,0.48242270224481154,37484
Fracture,Gold,Harbor,Controller,0.4600804743752647,4051
Fracture,Platinum,Clove,Controller,0.5551673019906819,52049
Fracture,Platinum,Deadlock,Sentinel,0.5424608216857263,12822
Fracture,Platinum,Phoenix,Duelist,0.5410842863193562,12329
Fracture,Platinum,Iso,Duelist,0.5379076662431173,14275
Fracture,Platinum,Sage,Sentinel,0.5367429055484964,17530
Fracture,Platinum,Reyna,Duelist,0.5362134688691232,55744
Fracture,Platinum,Brimstone,Controller,0.5355781448538754,33641
Fracture,Platinum,Jett,Duelist,0.5318720880982634,65425
Fracture,Platinum,Chamber,Sentinel,0.5302837780601439,36228
Fracture,Platinum,Neon,Duelist,0.5296484540448962,17078
Fracture,Platinum,Fade,Initiator,0.529119017365523,8727
Fracture,Platinum,Breach,Initiator,0.5282719186785261,39257
Fracture,Platinum,Killjoy,Sentinel,0.5281660313426514,29131
Fracture,Platinum,Cypher,Sentinel,0.526577721304532,26005
Fracture,Platinum,Raze,Duelist,0.5263659466327827,24860
Fracture,Platinum,Vyse,Sentinel,0.525412960609911,4946
Fracture,Platinum,Gekko,Initiator,0.5239305379076662,11572
Fracture,Platinum,Tejo,Initiator,0.5220245658619228,43357
Fracture,Platinum,Skye,Initiator,0.5219186785260482,9201
Fracture,Platinum,Sova,Initiator,0.5129182549767047,8202
Fracture,Platinum,Yoru,Duelist,0.5127064803049555,8021
Fracture,Platinum,Viper,Controller,0.5048708174502329,5420
Fracture,Platinum,KAY/O,Initiator,0.4863405336721728,6913
Fracture,Platinum,Astra,Controller,0.48411689961880555,6166
Fracture,Platinum,Omen,Controller,0.4795637441761965,16117
Fracture,Platinum,Harbor,Controller,0.4205844980940279,1644
Fracture,Diamond,Clove,Controller,0.5555908513341804,35977
Fracture,Diamond,Deadlock,Sentinel,0.5511435832274459,7754
Fracture,Diamond,Iso,Duelist,0.5464845404489622,9428
Fracture,Diamond,Vyse,Sentinel,0.5439432443879711,3239
Fracture,Diamond,Neon,Duelist,0.5428843710292249,11325
Fracture,Diamond,Phoenix,Duelist,0.5423549343498517,6630
Fracture,Diamond,Sage,Sentinel,0.5393900889453621,7308
Fracture,Diamond,Fade,Initiator,0.5379076662431173,5789
Fracture,Diamond,Cypher,Sentinel,0.5348369335027531,18478
Fracture,Diamond,Skye,Initiator,0.5337780601440067,4916
Fracture,Diamond,Reyna,Duelist,0.5332486234646336,34879
Fracture,Diamond,Jett,Duelist,0.5295425667090216,48159
Fracture,Diamond,Gekko,Initiator,0.529436679373147,5378
Fracture,Diamond,Brimstone,Controller,0.5267894959762812,24739
Fracture,Diamond,Tejo,Initiator,0.5260482846251588,30597
Fracture,Diamond,Raze,Duelist,0.5247776365946633,16908
Fracture,Diamond,Breach,Initiator,0.5243540872511647,31043
Fracture,Diamond,Killjoy,Sentinel,0.5223422278695468,20635
Fracture,Diamond,Chamber,Sentinel,0.5222363405336722,24307
Fracture,Diamond,Sova,Initiator,0.5135535789919525,4128
Fracture,Diamond,Yoru,Duelist,0.49936467598475215,4890
Fracture,Diamond,Viper,Controller,0.4941761965268954,3255
Fracture,Diamond,KAY/O,Initiator,0.4881406183820415,3742
Fracture,Diamond,Astra,Controller,0.4840110122829309,4041
Fracture,Diamond,Omen,Controller,0.4647395171537484,7493
Fracture,Diamond,Harbor,Controller,0.450550614146548,792
Fracture,Ascendant,Deadlock,Sentinel,0.5546378653113088,3656
Fracture,Ascendant,Phoenix,Duelist,0.5484963998305802,2695
Fracture,Ascendant,Neon,Duelist,0.5481787378229563,6697
Fracture,Ascendant,Iso,Duelist,0.5465904277848369,6013
Fracture,Ascendant,Vyse,Sentinel,0.5460609911054638,2263
Fracture,Ascendant,Clove,Controller,0.5443667937314697,21258
Fracture,Ascendant,Skye,Initiator,0.5401313002964845,1484
Fracture,Ascendant,Sage,Sentinel,0.5400254129606099,2110
Fracture,Ascendant,Reyna,Duelist,0.5373782295637441,16588
Fracture,Ascendant,Jett,Duelist,0.533989834815756,25747
Fracture,Ascendant,Killjoy,Sentinel,0.5328250741211351,10596
Fracture,Ascendant,Chamber,Sentinel,0.5312367640830157,11209
Fracture,Ascendant,Breach,Initiator,0.5261541719610334,19204
Fracture,Ascendant,Tejo,Initiator,0.5239305379076662,16656
Fracture,Ascendant,Brimstone,Controller,0.5214951291825497,13777
Fracture,Ascendant,Cypher,Sentinel,0.5195891571368064,11126
Fracture,Ascendant,Yoru,Duelist,0.5185302837780601,2673
Fracture,Ascendant,Gekko,Initiator,0.5144006776789496,1412
Fracture,Ascendant,Raze,Duelist,0.5119652689538331,10244
Fracture,Ascendant,Fade,Initiator,0.5091063108852181,3226
Fracture,Ascendant,Harbor,Controller,0.4906819144430326,164
Fracture,Ascendant,Viper,Controller,0.4869758576874206,1009
Fracture,Ascendant,KAY/O,Initiator,0.4867640830156713,1403
Fracture,Ascendant,Sova,Initiator,0.4735281660313426,1364
Fracture,Ascendant,Astra,Controller,0.4717280813214739,1753
Fracture,Ascendant,Omen,Controller,0.46399830580262597,1773
Fracture,Immortal,Deadlock,Sentinel,0.635112240576027,902
Fracture,Immortal,Sage,Sentinel,0.6196526895383312,405
Fracture,Immortal,Sova,Initiator,0.6194409148665819,412
Fracture,Immortal,Gekko,Initiator,0.5980516730199068,108
Fracture,Immortal,Iso,Duelist,0.5837568826768319,2182
Fracture,Immortal,Tejo,Initiator,0.547437526471834,6501
Fracture,Immortal,Cypher,Sentinel,0.5461668784413384,4779
Fracture,Immortal,Clove,Controller,0.5426725963574757,8948
Fracture,Immortal,Phoenix,Duelist,0.5403430749682337,776
Fracture,Immortal,Raze,Duelist,0.5391783142736128,5179
Fracture,Immortal,Jett,Duelist,0.5386488775942396,8066
Fracture,Immortal,Neon,Duelist,0.5370605675561202,2575
Fracture,Immortal,Brimstone,Controller,0.536001694197374,4878
Fracture,Immortal,Killjoy,Sentinel,0.5261541719610334,3190
Fracture,Immortal,Reyna,Duelist,0.5204362558238035,5416
Fracture,Immortal,Vyse,Sentinel,0.5060355781448539,1243
Fracture,Immortal,Chamber,Sentinel,0.49999999999999994,3708
Fracture,Immortal,Astra,Controller,0.4943879711986446,332
Fracture,Immortal,Yoru,Duelist,0.4854934349851758,1433
Fracture,Immortal,Breach,Initiator,0.48295213892418465,7284
Fracture,Immortal,Fade,Initiator,0.4809402795425667,1354
Fracture,Immortal,Skye,Initiator,0.43720880982634475,201
Fracture,Immortal,Viper,Controller,0.42513765353663696,132
Fracture,Immortal,KAY/O,Initiator,0.4117958492164337,288
Fracture,Immortal,Harbor,Controller,0.3222151630664972,23
Fracture,Immortal,Omen,Controller,0.31999152901313,225
Fracture,Radiant,Sage,Sentinel,0.729140194832698,350
Fracture,Radiant,Skye,Initiator,0.6746082168572638,124
Fracture,Radiant,Yoru,Duelist,0.6337357052096569,1549
Fracture,Radiant,Iso,Duelist,0.5882041507835662,1613
Fracture,Radiant,Viper,Controller,0.5823803473104616,100
Fracture,Radiant,Gekko,Initiator,0.5691444303261329,80
Fracture,Radiant,Neon,Duelist,0.5615205421431596,2308
Fracture,Radiant,Deadlock,Sentinel,0.5569673867005506,481
Fracture,Radiant,Reyna,Duelist,0.5505082592121983,3635
Fracture,Radiant,Cypher,Sentinel,0.5483905124947056,4234
Fracture,Radiant,Fade,Initiator,0.5416137229987293,1126
Fracture,Radiant,Tejo,Initiator,0.5383312155866159,6060
Fracture,Radiant,Clove,Controller,0.5321897501058873,7006
Fracture,Radiant,Brimstone,Controller,0.5270012706480305,5047
Fracture,Radiant,Chamber,Sentinel,0.5238246505717916,3804
Fracture,Radiant,Breach,Initiator,0.5224481152054214,6781
Fracture,Radiant,Jett,Duelist,0.513447691656078,6401
Fracture,Radiant,Killjoy,Sentinel,0.4974587039390088,2433
Fracture,Radiant,Omen,Controller,0.49332909783989837,88
Fracture,Radiant,Raze,Duelist,0.48856416772554,5204
Fracture,Radiant,Astra,Controller,0.4876111817026683,367
Fracture,Radiant,Vyse,Sentinel,0.48295213892418465,1515
Fracture,Radiant,Phoenix,Duelist,0.46219822109275727,543
Fracture,Radiant,Sova,Initiator,0.4367852604828462,320
Fracture,Radiant,KAY/O,Initiator,0.2721304531977975,179
Fracture,Radiant,Harbor,Controller,0.09625158831003812,22
Haven,Iron,Clove,Controller,0.5627911901736552,34923
Haven,Iron,Breach,Initiator,0.5427784836933502,6028
Haven,Iron,Killjoy,Sentinel,0.5411901736552308,10604
Haven,Iron,Deadlock,Sentinel,0.540554849639983,9749
Haven,Iron,Cypher,Sentinel,0.5394959762812368,21765
Haven,Iron,Gekko,Initiator,0.5382253282507412,20372
Haven,Iron,Reyna,Duelist,0.5378017789072427,53527
Haven,Iron,Raze,Duelist,0.5374841168996187,18470
Haven,Iron,Sage,Sentinel,0.5342016094875053,44965
Haven,Iron,Jett,Duelist,0.5276365946632783,27945
Haven,Iron,Vyse,Sentinel,0.5263659466327827,3740
Haven,Iron,Chamber,Sentinel,0.5247776365946633,15447
Haven,Iron,Phoenix,Duelist,0.5243540872511647,19168
Haven,Iron,Skye,Initiator,0.5223422278695468,9412
Haven,Iron,Fade,Initiator,0.5222363405336722,8544
Haven,Iron,Iso,Duelist,0.5213892418466751,16262
Haven,Iron,Neon,Duelist,0.519695044472681,20445
Haven,Iron,Sova,Initiator,0.518000847098687,16769
Haven,Iron,KAY/O,Initiator,0.5168360864040661,7306
Haven,Iron,Omen,Controller,0.5154595510376958,30251
Haven,Iron,Tejo,Initiator,0.514824227022448,24850
Haven,Iron,Brimstone,Controller,0.508576874205845,13592
Haven,Iron,Yoru,Duelist,0.5070944515036001,17610
Haven,Iron,Harbor,Controller,0.5043413807708598,2362
Haven,Iron,Viper,Controller,0.5030707327403642,4344
Haven,Iron,Astra,Controller,0.48856416772554,1890
Haven,Bronze,Clove,Controller,0.5567556120288013,163366
Haven,Bronze,Reyna,Duelist,0.5372723422278696,212017
Haven,Bronze,Gekko,Initiator,0.5370605675561202,66613
Haven,Bronze,Killjoy,Sentinel,0.5370605675561202,52954
Haven,Bronze,Deadlock,Sentinel,0.5367429055484964,37437
Haven,Bronze,Jett,Duelist,0.5352604828462515,142532
Haven,Bronze,Sage,Sentinel,0.5350487081745023,153567
Haven,Bronze,Breach,Initiator,0.5333545108005082,33944
Haven,Bronze,Cypher,Sentinel,0.5328250741211351,96250
Haven,Bronze,Phoenix,Duelist,0.5315544260906395,63639
Haven,Bronze,Sova,Initiator,0.5308132147395171,72500
Haven,Bronze,Vyse,Sentinel,0.5286954680220245,14128
Haven,Bronze,Neon,Duelist,0.5263659466327827,63562
Haven,Bronze,Chamber,Sentinel,0.5258365099534095,75179
Haven,Bronze,Raze,Duelist,0.5249894112664125,62017
Haven,Bronze,Iso,Duelist,0.5243540872511647,61729
Haven,Bronze,Fade,Initiator,0.5218127911901737,26283
Haven,Bronze,Skye,Initiator,0.5203303684879288,38793
Haven,Bronze,Brimstone,Controller,0.5185302837780601,46786
Haven,Bronze,Tejo,Initiator,0.5132359169843287,96680
Haven,Bronze,Omen,Controller,0.5058238034731046,120297
Haven,Bronze,Yoru,Duelist,0.5013765353663702,40956
Haven,Bronze,KAY/O,Initiator,0.5006353240152478,28579
Haven,Bronze,Astra,Controller,0.49872935196950446,9687
Haven,Bronze,Viper,Controller,0.49428208386277,10959
Haven,Bronze,Harbor,Controller,0.4495976281236764,6296
Haven,Silver,Clove,Controller,0.5591910207539178,147435
Haven,Silver,Phoenix,Duelist,0.5381194409148665,48957
Haven,Silver,Sage,Sentinel,0.536001694197374,104276
Haven,Silver,Deadlock,Sentinel,0.5354722575180009,26779
Haven,Silver,Sova,Initiator,0.5345192714951291,80996
Haven,Silver,Killjoy,Sentinel,0.5340957221516306,55929
Haven,Silver,Reyna,Duelist,0.5340957221516306,171637
Haven,Silver,Jett,Duelist,0.5329309614570097,158193
Haven,Silver,Breach,Initiator,0.5327191867852605,36859
Haven,Silver,Vyse,Sentinel,0.5321897501058873,11752
Haven,Silver,Cypher,Sentinel,0.5316603134265142,87829
Haven,Silver,Gekko,Initiator,0.5310249894112664,45260
Haven,Silver,Iso,Duelist,0.5296484540448962,46555
Haven,Silver,Fade,Initiator,0.5295425667090216,17332
Haven,Silver,Neon,Duelist,0.529119017365523,43332
Haven,Silver,Skye,Initiator,0.5262600592969081,30847
Haven,Silver,Chamber,Sentinel,0.5234011012282931,72079
Haven,Silver,Raze,Duelist,0.5222363405336722,46937
Haven,Silver,Brimstone,Controller,0.5154595510376958,32043
Haven,Silver,Tejo,Initiator,0.512282930961457,82144
Haven,Silver,Yoru,Duelist,0.5052943667937314,25995
Haven,Silver,Omen,Controller,0.5009529860228716,107316
Haven,Silver,Astra,Controller,0.49714104193138503,9718
Haven,Silver,KAY/O,Initiator,0.490258365099534,22096
Haven,Silver,Viper,Controller,0.4886700550614146,5781
Haven,Silver,Harbor,Controller,0.442291401948327,3093
Haven,Gold,Clove,Controller,0.5566497246929267,118828
Haven,Gold,Phoenix,Duelist,0.5399195256247353,36297
Haven,Gold,Deadlock,Sentinel,0.5393900889453621,17775
Haven,Gold,Sage,Sentinel,0.5382253282507412,65712
Haven,Gold,Vyse,Sentinel,0.5378017789072427,8529
Haven,Gold,Sova,Initiator,0.5373782295637441,77091
Haven,Gold,Fade,Initiator,0.5365311308767471,11551
Haven,Gold,Breach,Initiator,0.5343074968233799,31925
Haven,Gold,Killjoy,Sentinel,0.5333545108005082,47658
Haven,Gold,Reyna,Duelist,0.5329309614570097,124195
Haven,Gold,Neon,Duelist,0.532295637441762,28382
Haven,Gold,Jett,Duelist,0.5314485387547648,143192
Haven,Gold,Iso,Duelist,0.5303896653960186,32554
Haven,Gold,Gekko,Initiator,0.5297543413807708,27749
Haven,Gold,Cypher,Sentinel,0.5284836933502752,70757
Haven,Gold,Raze,Duelist,0.5235069885641677,31969
Haven,Gold,Brimstone,Controller,0.5231893265565438,19245
Haven,Gold,Chamber,Sentinel,0.5209656925031766,58768
Haven,Gold,Skye,Initiator,0.517683185091063,22411
Haven,Gold,Yoru,Duelist,0.5132359169843287,17190
Haven,Gold,Tejo,Initiator,0.509423972892842,61094
Haven,Gold,Omen,Controller,0.4984116899618805,83471
Haven,Gold,Viper,Controller,0.4936467598475222,2690
Haven,Gold,Astra,Controller,0.4912113511224057,8142
Haven,Gold,KAY/O,Initiator,0.49110546378653114,14655
Haven,Gold,Harbor,Controller,0.4416560779330792,1400
Haven,Platinum,Clove,Controller,0.5564379500211775,64230
Haven,Platinum,Phoenix,Duelist,0.5447903430749682,18215
Haven,Platinum,Deadlock,Sentinel,0.5402371876323592,7627
Haven,Platinum,Sage,Sentinel,0.5394959762812368,24457
Haven,Platinum,Sova,Initiator,0.5366370182126218,51170
Haven,Platinum,Neon,Duelist,0.5335662854722575,12736
Haven,Platinum,Cypher,Sentinel,0.5329309614570097,40622
Haven,Platinum,Reyna,Duelist,0.5328250741211351,61050
Haven,Platinum,Jett,Duelist,0.5312367640830157,84385
Haven,Platinum,Killjoy,Sentinel,0.5299661160525201,28575
Haven,Platinum,Iso,Duelist,0.5289072426937739,16052
Haven,Platinum,Vyse,Sentinel,0.5280601440067767,4161
Haven,Platinum,Raze,Duelist,0.5277424819991529,14037
Haven,Platinum,Fade,Initiator,0.5266836086404066,5064
Haven,Platinum,Breach,Initiator,0.5261541719610334,17489
Haven,Platinum,Skye,Initiator,0.5214951291825497,11099
Haven,Platinum,Chamber,Sentinel,0.5205421431596781,29765
Haven,Platinum,Gekko,Initiator,0.5140830156713256,10463
Haven,Platinum,Tejo,Initiator,0.5113299449385853,29989
Haven,Platinum,Yoru,Duelist,0.5113299449385853,8210
Haven,Platinum,Brimstone,Controller,0.5111181702668361,7274
Haven,Platinum,KAY/O,Initiator,0.5013765353663702,6042
Haven,Platinum,Omen,Controller,0.4969292672596357,44104
Haven,Platinum,Astra,Controller,0.4953409572215163,4130
Haven,Platinum,Viper,Controller,0.48591698432867425,887
Haven,Platinum,Harbor,Controller,0.4379500211774671,457
Haven,Diamond,Clove,Controller,0.5538966539601864,50042
Haven,Diamond,Iso,Duelist,0.5535789919525624,11635
Haven,Diamond,Skye,Initiator,0.5432020330368488,6987
Haven,Diamond,Deadlock,Sentinel,0.5426725963574757,4435
Haven,Diamond,Viper,Controller,0.5406607369758577,331
Haven,Diamond,Vyse,Sentinel,0.5401313002964845,2572
Haven,Diamond,Fade,Initiator,0.5396018636171114,2714
Haven,Diamond,Phoenix,Duelist,0.5374841168996187,12286
Haven,Diamond,Sage,Sentinel,0.5372723422278696,11123
Haven,Diamond,Neon,Duelist,0.5363193562049978,8429
Haven,Diamond,Killjoy,Sentinel,0.5343074968233799,23039
Haven,Diamond,Sova,Initiator,0.5324015247776366,45067
Haven,Diamond,Reyna,Duelist,0.5306014400677679,41861
Haven,Diamond,Gekko,Initiator,0.5297543413807708,4473
Haven,Diamond,Cypher,Sentinel,0.5293307920372723,32635
Haven,Diamond,Jett,Duelist,0.5290131300296484,66098
Haven,Diamond,Brimstone,Controller,0.5236128759000424,3567
Haven,Diamond,Chamber,Sentinel,0.5202244811520542,18552
Haven,Diamond,Breach,Initiator,0.5168360864040661,11878
Haven,Diamond,Raze,Duelist,0.5149301143583227,7746
Haven,Diamond,Yoru,Duelist,0.5128123676408302,5447
Haven,Diamond,Tejo,Initiator,0.5115417196103346,20605
Haven,Diamond,Omen,Controller,0.49258788648877594,28974
Haven,Diamond,Astra,Controller,0.4888818297331639,2686
Haven,Diamond,KAY/O,Initiator,0.4881406183820415,2894
Haven,Diamond,Harbor,Controller,0.4200550614146548,184
Haven,Ascendant,Sage,Sentinel,0.5939220669207963,2724
Haven,Ascendant,Deadlock,Sentinel,0.5796272765777213,1626
Haven,Ascendant,Gekko,Initiator,0.569673867005506,842
Haven,Ascendant,Iso,Duelist,0.5685091063108851,7917
Haven,Ascendant,Neon,Duelist,0.5609911054637865,4862
Haven,Ascendant,Phoenix,Duelist,0.5582380347310462,5580
Haven,Ascendant,Yoru,Duelist,0.5525201185938161,2961
Haven,Ascendant,Clove,Controller,0.5506141465480728,29934
Haven,Ascendant,Chamber,Sentinel,0.5382253282507412,6187
Haven,Ascendant,Breach,Initiator,0.5363193562049978,4496
Haven,Ascendant,Raze,Duelist,0.5362134688691232,2342
Haven,Ascendant,Brimstone,Controller,0.5345192714951291,935
Haven,Ascendant,Reyna,Duelist,0.5252011859381618,21210
Haven,Ascendant,Sova,Initiator,0.5247776365946633,29718
Haven,Ascendant,Vyse,Sentinel,0.5231893265565438,1265
Haven,Ascendant,Cypher,Sentinel,0.5224481152054214,20018
Haven,Ascendant,Jett,Duelist,0.5214951291825497,36058
Haven,Ascendant,Killjoy,Sentinel,0.5212833545108004,12472
Haven,Ascendant,Tejo,Initiator,0.5198009318085557,9904
Haven,Ascendant,Skye,Initiator,0.5059296908089792,1913
Haven,Ascendant,Fade,Initiator,0.49163490046590425,827
Haven,Ascendant,Omen,Controller,0.47606946209233375,11752
Haven,Ascendant,KAY/O,Initiator,0.4511859381617958,683
Haven,Ascendant,Astra,Controller,0.44387971198644643,1009
Haven,Ascendant,Viper,Controller,0.4193138500635324,101
Haven,Ascendant,Harbor,Controller,0.3369335027530707,44
Haven,Immortal,Skye,Initiator,0.6866793731469715,202
Haven,Immortal,Harbor,Controller,0.6617958492164336,16
Haven,Immortal,Raze,Duelist,0.5997458703939008,369
Haven,Immortal,Phoenix,Duelist,0.5866158407454468,2137
Haven,Immortal,Vyse,Sentinel,0.5527318932655655,546
Haven,Immortal,Breach,Initiator,0.5448962304108429,1304
Haven,Immortal,Clove,Controller,0.5426725963574757,12880
Haven,Immortal,Brimstone,Controller,0.5419313850063532,127
Haven,Immortal,Cypher,Sentinel,0.5408725116476069,8918
Haven,Immortal,Iso,Duelist,0.5390724269377382,4253
Haven,Immortal,Fade,Initiator,0.536001694197374,81
Haven,Immortal,Reyna,Duelist,0.5297543413807708,7223
Haven,Immortal,Sova,Initiator,0.5280601440067767,13517
Haven,Immortal,Jett,Duelist,0.5268953833121558,13735
Haven,Immortal,Killjoy,Sentinel,0.5237187632359169,4705
Haven,Immortal,Deadlock,Sentinel,0.5194832698009318,424
Haven,Immortal,Yoru,Duelist,0.5170478610758152,1708
Haven,Immortal,Tejo,Initiator,0.5129182549767047,2822
Haven,Immortal,Chamber,Sentinel,0.509423972892842,1139
Haven,Immortal,Neon,Duelist,0.4917407878017789,2035
Haven,Immortal,Omen,Controller,0.484858110969928,3293
Haven,Immortal,Viper,Controller,0.4575391783142736,81
Haven,Immortal,Sage,Sentinel,0.40861922914019483,368
Haven,Immortal,Astra,Controller,0.39241846675137654,340
Haven,Immortal,KAY/O,Initiator,0.33492164337145275,98
Haven,Immortal,Gekko,Initiator,0.3212621770436256,89
Haven,Radiant,Brimstone,Controller,0.6934561626429478,113
Haven,Radiant,KAY/O,Initiator,0.6478187208809826,85
Haven,Radiant,Skye,Initiator,0.6292884371029225,106
Haven,Radiant,Fade,Initiator,0.600275307073274,127
Haven,Radiant,Yoru,Duelist,0.5826980093180856,2088
Haven,Radiant,Killjoy,Sentinel,0.5806861499364676,3182
Haven,Radiant,Deadlock,Sentinel,0.5769800931808555,178
Haven,Radiant,Chamber,Sentinel,0.5604616687844134,665
Haven,Radiant,Sage,Sentinel,0.5599322321050403,295
Haven,Radiant,Breach,Initiator,0.5445785684032189,1116
Haven,Radiant,Clove,Controller,0.5383312155866159,9567
Haven,Radiant,Neon,Duelist,0.5330368487928844,1454
Haven,Radiant,Sova,Initiator,0.5302837780601439,10846
Haven,Radiant,Jett,Duelist,0.529436679373147,10719
Haven,Radiant,Iso,Duelist,0.5248835239305378,3133
Haven,Radiant,Reyna,Duelist,0.5191656077933079,4701
Haven,Radiant,Omen,Controller,0.5153536637018212,2780
Haven,Radiant,Cypher,Sentinel,0.5083650995340957,7621
Haven,Radiant,Tejo,Initiator,0.5027530707327403,1449
Haven,Radiant,Phoenix,Duelist,0.49449385853451927,1516
Haven,Radiant,Vyse,Sentinel,0.4655866158407454,514
Haven,Radiant,Viper,Controller,0.4235493434985176,45
Haven,Radiant,Raze,Duelist,0.41041931385006347,178
Haven,Radiant,Astra,Controller,0.35472257518000844,206
Haven,Radiant,Gekko,Initiator,0.07560355781448538,14
Haven,Radiant,Harbor,Controller,0.0,42
Lotus,Iron,Clove,Controller,0.5628970775095298,30575
Lotus,Iron,Raze,Duelist,0.5426725963574757,18778
Lotus,Iron,Deadlock,Sentinel,0.542566709021601,8918
Lotus,Iron,Chamber,Sentinel,0.5391783142736128,15601
Lotus,Iron,Reyna,Duelist,0.5390724269377382,45645
Lotus,Iron,Killjoy,Sentinel,0.536001694197374,9211
Lotus,Iron,Breach,Initiator,0.5324015247776366,5406
Lotus,Iron,Cypher,Sentinel,0.532295637441762,15309
Lotus,Iron,Sage,Sentinel,0.5299661160525201,36942
Lotus,Iron,Vyse,Sentinel,0.5297543413807708,3334
Lotus,Iron,Gekko,Initiator,0.5284836933502752,18675
Lotus,Iron,Neon,Duelist,0.5283778060144007,17276
Lotus,Iron,Tejo,Initiator,0.527424819991529,21285
Lotus,Iron,Jett,Duelist,0.5266836086404066,21720
Lotus,Iron,Fade,Initiator,0.525412960609911,8753
Lotus,Iron,Phoenix,Duelist,0.5253070732740364,15802
Lotus,Iron,Astra,Controller,0.5181067344345616,1721
Lotus,Iron,Iso,Duelist,0.5157772130453198,14348
Lotus,Iron,Yoru,Duelist,0.5137653536637018,14908
Lotus,Iron,Sova,Initiator,0.5135535789919525,11896
Lotus,Iron,Brimstone,Controller,0.5116476069462093,10780
Lotus,Iron,Skye,Initiator,0.5111181702668361,9031
Lotus,Iron,Omen,Controller,0.5108005082592122,24601
Lotus,Iron,Viper,Controller,0.5061414654807285,4295
Lotus,Iron,KAY/O,Initiator,0.4941761965268954,6704
Lotus,Iron,Harbor,Controller,0.4935408725116476,2626
Lotus,Bronze,Clove,Controller,0.5598263447691656,144818
Lotus,Bronze,Breach,Initiator,0.5391783142736128,33349
Lotus,Bronze,Raze,Duelist,0.5384371029224905,80907
Lotus,Bronze,Jett,Duelist,0.5355781448538754,103052
Lotus,Bronze,Killjoy,Sentinel,0.5354722575180009,46123
Lotus,Bronze,Fade,Initiator,0.5352604828462515,33600
Lotus,Bronze,Reyna,Duelist,0.5352604828462515,177214
Lotus,Bronze,Sage,Sentinel,0.5338839474798814,118187
Lotus,Bronze,Chamber,Sentinel,0.5336721728081321,79142
Lotus,Bronze,Deadlock,Sentinel,0.5317662007623888,36534
Lotus,Bronze,Gekko,Initiator,0.5288013553578992,67751
Lotus,Bronze,Vyse,Sentinel,0.5279542566709021,13838
Lotus,Bronze,Neon,Duelist,0.5279542566709021,54380
Lotus,Bronze,Skye,Initiator,0.5278483693350275,36579
Lotus,Bronze,Phoenix,Duelist,0.5257306226175349,49171
Lotus,Bronze,Iso,Duelist,0.5250952986022872,53124
Lotus,Bronze,Cypher,Sentinel,0.5226598898771706,62582
Lotus,Bronze,Sova,Initiator,0.520012706480305,36476
Lotus,Bronze,Tejo,Initiator,0.5199068191444303,84679
Lotus,Bronze,Brimstone,Controller,0.5141889030072003,34685
Lotus,Bronze,Omen,Controller,0.503706056755612,94338
Lotus,Bronze,Astra,Controller,0.49703515459551034,9013
Lotus,Bronze,Viper,Controller,0.49332909783989837,12997
Lotus,Bronze,Yoru,Duelist,0.49332909783989837,33955
Lotus,Bronze,KAY/O,Initiator,0.49110546378653114,24275
Lotus,Bronze,Harbor,Controller,0.46749258788648873,7791
Lotus,Silver,Clove,Controller,0.560567556120288,139665
Lotus,Silver,Fade,Initiator,0.5383312155866159,32027
Lotus,Silver,Chamber,Sentinel,0.5369546802202456,84312
Lotus,Silver,Raze,Duelist,0.5367429055484964,84889
Lotus,Silver,Sage,Sentinel,0.5347310461668784,78564
Lotus,Silver,Gekko,Initiator,0.5340957221516306,58992
Lotus,Silver,Phoenix,Duelist,0.5335662854722575,36053
Lotus,Silver,Reyna,Duelist,0.5330368487928844,147931
Lotus,Silver,Neon,Duelist,0.5328250741211351,39182
Lotus,Silver,Iso,Duelist,0.5325074121135112,41719
Lotus,Silver,Deadlock,Sentinel,0.5321897501058873,30751
Lotus,Silver,Breach,Initiator,0.531130876747141,39253
Lotus,Silver,Killjoy,Sentinel,0.5309191020753917,48294
Lotus,Silver,Jett,Duelist,0.5301778907242694,109302
Lotus,Silver,Vyse,Sentinel,0.5260482846251588,13755
Lotus,Silver,Skye,Initiator,0.525412960609911,31139
Lotus,Silver,Sova,Initiator,0.522554002541296,26356
Lotus,Silver,Cypher,Sentinel,0.5191656077933079,54902
Lotus,Silver,Tejo,Initiator,0.515988987717069,75732
Lotus,Silver,Brimstone,Controller,0.5074121135112241,22999
Lotus,Silver,Yoru,Duelist,0.5024354087251165,21661
Lotus,Silver,Omen,Controller,0.4963998305802626,83786
Lotus,Silver,Viper,Controller,0.49449385853451927,8484
Lotus,Silver,Astra,Controller,0.48930537907666244,9771
Lotus,Silver,KAY/O,Initiator,0.4795637441761965,18632
Lotus,Silver,Harbor,Controller,0.4449385853451927,4869
Lotus,Gold,Clove,Controller,0.5566497246929267,106972
Lotus,Gold,Vyse,Sentinel,0.544260906395595,10901
Lotus,Gold,Fade,Initiator,0.5419313850063532,26671
Lotus,Gold,Phoenix,Duelist,0.5382253282507412,21778
Lotus,Gold,Neon,Duelist,0.5362134688691232,24329
Lotus,Gold,Gekko,Initiator,0.5358958068614993,42956
Lotus,Gold,Iso,Duelist,0.5349428208386277,26645
Lotus,Gold,Deadlock,Sentinel,0.5348369335027531,20312
Lotus,Gold,Chamber,Sentinel,0.533142736128759,67023
Lotus,Gold,Breach,Initiator,0.5329309614570097,34041
Lotus,Gold,Reyna,Duelist,0.5327191867852605,97174
Lotus,Gold,Raze,Duelist,0.532295637441762,68106
Lotus,Gold,Sage,Sentinel,0.5310249894112664,38860
Lotus,Gold,Jett,Duelist,0.5310249894112664,88645
Lotus,Gold,Sova,Initiator,0.5296484540448962,15111
Lotus,Gold,Killjoy,Sentinel,0.5284836933502752,39572
Lotus,Gold,Skye,Initiator,0.5214951291825497,20955
Lotus,Gold,Cypher,Sentinel,0.5185302837780601,39607
Lotus,Gold,Tejo,Initiator,0.5112240576027107,55956
Lotus,Gold,Yoru,Duelist,0.5059296908089792,13448
Lotus,Gold,Astra,Controller,0.5019059720457433,7601
Lotus,Gold,Brimstone,Controller,0.4969292672596357,11696
Lotus,Gold,Viper,Controller,0.4966116052520118,4565
Lotus,Gold,Omen,Controller,0.4958703939008894,59326
Lotus,Gold,KAY/O,Initiator,0.4797755188479458,10347
Lotus,Gold,Harbor,Controller,0.45679796696315117,2353
Lotus,Platinum,Clove,Controller,0.5561202880135536,67224
Lotus,Platinum,Vyse,Sentinel,0.5465904277848369,7100
Lotus,Platinum,Deadlock,Sentinel,0.5464845404489622,11185
Lotus,Platinum,Neon,Duelist,0.5441550190597204,13110
Lotus,Platinum,Sage,Sentinel,0.5399195256247353,15543
Lotus,Platinum,Iso,Duelist,0.5346251588310038,14659
Lotus,Platinum,Fade,Initiator,0.5344133841592545,17362
Lotus,Platinum,Gekko,Initiator,0.5340957221516306,26182
Lotus,Platinum,Skye,Initiator,0.5326132994493858,11401
Lotus,Platinum,Phoenix,Duelist,0.5320838627700126,10929
Lotus,Platinum,Breach,Initiator,0.5313426514188903,22927
Lotus,Platinum,Reyna,Duelist,0.5301778907242694,52619
Lotus,Platinum,Raze,Duelist,0.5298602287166454,43399
Lotus,Platinum,Killjoy,Sentinel,0.5290131300296484,26135
Lotus,Platinum,Jett,Duelist,0.5288013553578992,56961
Lotus,Platinum,Chamber,Sentinel,0.5285895806861499,40739
Lotus,Platinum,Sova,Initiator,0.526577721304532,7122
Lotus,Platinum,Cypher,Sentinel,0.52287166454892,23333
Lotus,Platinum,Yoru,Duelist,0.518000847098687,7209
Lotus,Platinum,Brimstone,Controller,0.5167301990681914,4629
Lotus,Platinum,Tejo,Initiator,0.5119652689538331,33887
Lotus,Platinum,Viper,Controller,0.5066709021601017,2044
Lotus,Platinum,Astra,Controller,0.48930537907666244,4425
Lotus,Platinum,Omen,Controller,0.487717069038543,33889
Lotus,Platinum,KAY/O,Initiator,0.4794578568403219,4503
Lotus,Platinum,Harbor,Controller,0.46188055908513337,894
Lotus,Diamond,Deadlock,Sentinel,0.5599322321050403,6770
Lotus,Diamond,Neon,Duelist,0.5530495552731892,8570
Lotus,Diamond,Clove,Controller,0.5517789072426937,48771
Lotus,Diamond,Iso,Duelist,0.54711986446421,10046
Lotus,Diamond,Phoenix,Duelist,0.5466963151207116,5764
Lotus,Diamond,Sova,Initiator,0.5424608216857263,3449
Lotus,Diamond,Vyse,Sentinel,0.5396018636171114,5110
Lotus,Diamond,Sage,Sentinel,0.5366370182126218,5515
Lotus,Diamond,Fade,Initiator,0.5347310461668784,12823
Lotus,Diamond,Reyna,Duelist,0.5304955527318933,32338
Lotus,Diamond,Gekko,Initiator,0.5300720033883948,18026
Lotus,Diamond,Chamber,Sentinel,0.5296484540448962,26590
Lotus,Diamond,Jett,Duelist,0.529436679373147,40699
Lotus,Diamond,Skye,Initiator,0.5279542566709021,6865
Lotus,Diamond,Killjoy,Sentinel,0.5266836086404066,20031
Lotus,Diamond,Breach,Initiator,0.5260482846251588,16199
Lotus,Diamond,Raze,Duelist,0.5255188479457857,30638
Lotus,Diamond,Yoru,Duelist,0.5229775518847946,4750
Lotus,Diamond,Viper,Controller,0.5214951291825497,938
Lotus,Diamond,Cypher,Sentinel,0.5207539178314273,15378
Lotus,Diamond,Tejo,Initiator,0.5105887335874629,23376
Lotus,Diamond,Brimstone,Controller,0.5033883947479881,1914
Lotus,Diamond,Astra,Controller,0.4863405336721728,2663
Lotus,Diamond,Omen,Controller,0.48538754764930114,20221
Lotus,Diamond,KAY/O,Initiator,0.48210504023718764,1856
Lotus,Diamond,Harbor,Controller,0.4371029224904701,390
Lotus,Ascendant,Brimstone,Controller,0.6069462092333756,574
Lotus,Ascendant,Deadlock,Sentinel,0.5978398983481575,3679
Lotus,Ascendant,Sage,Sentinel,0.5818509106310885,1232
Lotus,Ascendant,Viper,Controller,0.5798390512494705,473
Lotus,Ascendant,Iso,Duelist,0.5749682337992376,6219
Lotus,Ascendant,Phoenix,Duelist,0.55855569673867,2051
Lotus,Ascendant,Neon,Duelist,0.5464845404489622,4945
Lotus,Ascendant,Skye,Initiator,0.5462727657772131,2510
Lotus,Ascendant,Clove,Controller,0.5404489623041084,26988
Lotus,Ascendant,Fade,Initiator,0.5363193562049978,7562
Lotus,Ascendant,Gekko,Initiator,0.5332486234646336,7849
Lotus,Ascendant,Reyna,Duelist,0.5310249894112664,13865
Lotus,Ascendant,Chamber,Sentinel,0.5285895806861499,10451
Lotus,Ascendant,Breach,Initiator,0.5277424819991529,7296
Lotus,Ascendant,Jett,Duelist,0.5262600592969081,20193
Lotus,Ascendant,Raze,Duelist,0.5212833545108004,16315
Lotus,Ascendant,Yoru,Duelist,0.5164125370605676,2571
Lotus,Ascendant,Cypher,Sentinel,0.5152477763659465,6899
Lotus,Ascendant,KAY/O,Initiator,0.5150360016941974,440
Lotus,Ascendant,Vyse,Sentinel,0.5138712409995765,3237
Lotus,Ascendant,Astra,Controller,0.5129182549767047,927
Lotus,Ascendant,Sova,Initiator,0.5114358322744599,1497
Lotus,Ascendant,Killjoy,Sentinel,0.510271071579839,11541
Lotus,Ascendant,Harbor,Controller,0.5078356628547226,98
Lotus,Ascendant,Tejo,Initiator,0.5077297755188479,12793
Lotus,Ascendant,Omen,Controller,0.48898771706903854,7545
Lotus,Immortal,Sage,Sentinel,0.7034095722151631,283
Lotus,Immortal,Brimstone,Controller,0.6210292249047014,104
Lotus,Immortal,Skye,Initiator,0.5965692503176621,552
Lotus,Immortal,Neon,Duelist,0.5865099534095722,2271
Lotus,Immortal,Deadlock,Sentinel,0.5600381194409149,1592
Lotus,Immortal,Yoru,Duelist,0.5546378653113088,1195
Lotus,Immortal,Fade,Initiator,0.5541084286319355,3677
Lotus,Immortal,Phoenix,Duelist,0.5424608216857263,570
Lotus,Immortal,Iso,Duelist,0.5414019483269801,2777
Lotus,Immortal,Chamber,Sentinel,0.5333545108005082,2323
Lotus,Immortal,Clove,Controller,0.5330368487928844,10884
Lotus,Immortal,Gekko,Initiator,0.529119017365523,1723
Lotus,Immortal,Killjoy,Sentinel,0.5258365099534095,3993
Lotus,Immortal,Reyna,Duelist,0.5250952986022872,3916
Lotus,Immortal,Viper,Controller,0.5246717492587886,224
Lotus,Immortal,Jett,Duelist,0.5212833545108004,5816
Lotus,Immortal,Vyse,Sentinel,0.5212833545108004,2472
Lotus,Immortal,Omen,Controller,0.5172596357475646,1775
Lotus,Immortal,Raze,Duelist,0.5140830156713256,6979
Lotus,Immortal,Tejo,Initiator,0.5117534942820838,5191
Lotus,Immortal,Cypher,Sentinel,0.5051884794578568,2182
Lotus,Immortal,Sova,Initiator,0.5044472681067345,678
Lotus,Immortal,Breach,Initiator,0.5016941973739941,2191
Lotus,Immortal,Astra,Controller,0.4713045319779754,164
Lotus,Immortal,KAY/O,Initiator,0.43604404913172384,68
Lotus,Immortal,Harbor,Controller,0.13235916984328674,40
Lotus,Radiant,Gekko,Initiator,0.6257941550190597,890
Lotus,Radiant,Brimstone,Controller,0.6129817873782295,57
Lotus,Radiant,Viper,Controller,0.611711139347734,412
Lotus,Radiant,Cypher,Sentinel,0.5772977551884795,1825
Lotus,Radiant,Iso,Duelist,0.56999152901313,1982
Lotus,Radiant,Neon,Duelist,0.554849639983058,1874
Lotus,Radiant,Jett,Duelist,0.5512494705633206,4635
Lotus,Radiant,Fade,Initiator,0.5477551884794578,4079
Lotus,Radiant,Killjoy,Sentinel,0.5460609911054638,2835
Lotus,Radiant,Reyna,Duelist,0.5362134688691232,3185
Lotus,Radiant,Raze,Duelist,0.5320838627700126,6770
Lotus,Radiant,Clove,Controller,0.5313426514188903,9478
Lotus,Radiant,Vyse,Sentinel,0.5286954680220245,3661
Lotus,Radiant,Chamber,Sentinel,0.5283778060144007,1513
Lotus,Radiant,Skye,Initiator,0.5166243117323168,455
Lotus,Radiant,Yoru,Duelist,0.5097416349004659,1612
Lotus,Radiant,Deadlock,Sentinel,0.5009529860228716,1171
Lotus,Radiant,Tejo,Initiator,0.49714104193138503,5171
Lotus,Radiant,Omen,Controller,0.4950232952138924,1722
Lotus,Radiant,Breach,Initiator,0.44472681067344344,1807
Lotus,Radiant,Sova,Initiator,0.3951715374841169,426
Lotus,Radiant,KAY/O,Initiator,0.388288860652266,90
Lotus,Radiant,Phoenix,Duelist,0.35292249047013974,180
Lotus,Radiant,Sage,Sentinel,0.3270859805167302,123
Lotus,Radiant,Astra,Controller,0.2712833545108005,121
Lotus,Radiant,Harbor,Controller,0.0,16
Pearl,Iron,Clove,Controller,0.5630029648454045,35982
Pearl,Iron,Killjoy,Sentinel,0.5582380347310462,10159
Pearl,Iron,Reyna,Duelist,0.5420372723422279,54182
Pearl,Iron,Deadlock,Sentinel,0.5401313002964845,10911
Pearl,Iron,Cypher,Sentinel,0.538860652265989,19695
Pearl,Iron,Skye,Initiator,0.5387547649301143,9340
Pearl,Iron,Sage,Sentinel,0.5340957221516306,45268
Pearl,Iron,Gekko,Initiator,0.5332486234646336,21486
Pearl,Iron,Vyse,Sentinel,0.5325074121135112,4554
Pearl,Iron,Breach,Initiator,0.531130876747141,5349
Pearl,Iron,Raze,Duelist,0.5282719186785261,17416
Pearl,Iron,Chamber,Sentinel,0.5272130453197797,18201
Pearl,Iron,Neon,Duelist,0.5271071579839051,20479
Pearl,Iron,Fade,Initiator,0.5243540872511647,11000
Pearl,Iron,Astra,Controller,0.5231893265565438,3125
Pearl,Iron,Jett,Duelist,0.5222363405336722,26869
Pearl,Iron,Phoenix,Duelist,0.5222363405336722,19353
Pearl,Iron,Tejo,Initiator,0.5220245658619228,25087
Pearl,Iron,Iso,Duelist,0.5212833545108004,17069
Pearl,Iron,Brimstone,Controller,0.5206480304955527,12962
Pearl,Iron,Sova,Initiator,0.5101651842439644,14517
Pearl,Iron,Viper,Controller,0.5073062261753494,5539
Pearl,Iron,Yoru,Duelist,0.5043413807708598,18573
Pearl,Iron,Omen,Controller,0.5038119440914867,26195
Pearl,Iron,KAY/O,Initiator,0.5015883100381194,8119
Pearl,Iron,Harbor,Controller,0.4872935196950445,3890
Pearl,Bronze,Clove,Controller,0.5597204574332909,161620
Pearl,Bronze,Killjoy,Sentinel,0.5430961457009741,48831
Pearl,Bronze,Gekko,Initiator,0.5401313002964845,73365
Pearl,Bronze,Reyna,Duelist,0.5379076662431173,206433
Pearl,Bronze,Deadlock,Sentinel,0.5361075815332487,43529
Pearl,Bronze,Jett,Duelist,0.5344133841592545,132290
Pearl,Bronze,Vyse,Sentinel,0.533989834815756,19354
Pearl,Bronze,Fade,Initiator,0.533989834815756,43654
Pearl,Bronze,Sage,Sentinel,0.5327191867852605,142153
Pearl,Bronze,Phoenix,Duelist,0.531977975434138,63291
Pearl,Bronze,Cypher,Sentinel,0.5314485387547648,78926
Pearl,Bronze,Breach,Initiator,0.5276365946632783,25775
Pearl,Bronze,Neon,Duelist,0.5262600592969081,62060
Pearl,Bronze,Raze,Duelist,0.524565861922914,54568
Pearl,Bronze,Chamber,Sentinel,0.524565861922914,90123
Pearl,Bronze,Iso,Duelist,0.5224481152054214,64148
Pearl,Bronze,Astra,Controller,0.5211774671749259,25005
Pearl,Bronze,Sova,Initiator,0.5202244811520542,48952
Pearl,Bronze,Tejo,Initiator,0.5184243964421855,97030
Pearl,Bronze,Skye,Initiator,0.5181067344345616,36957
Pearl,Bronze,Brimstone,Controller,0.5138712409995765,41984
Pearl,Bronze,Viper,Controller,0.5066709021601017,18127
Pearl,Bronze,Omen,Controller,0.5003176620076238,86502
Pearl,Bronze,Yoru,Duelist,0.5002117746717493,43734
Pearl,Bronze,KAY/O,Initiator,0.49947056332062684,30963
Pearl,Bronze,Harbor,Controller,0.4825285895806861,16396
Pearl,Silver,Clove,Controller,0.560249894112664,153912
Pearl,Silver,Gekko,Initiator,0.5408725116476069,62207
Pearl,Silver,Phoenix,Duelist,0.5408725116476069,54126
Pearl,Silver,Fade,Initiator,0.5400254129606099,45323
Pearl,Silver,Deadlock,Sentinel,0.5381194409148665,37358
Pearl,Silver,Vyse,Sentinel,0.5356840321897501,20329
Pearl,Silver,Reyna,Duelist,0.5355781448538754,179496
Pearl,Silver,Killjoy,Sentinel,0.5349428208386277,49333
Pearl,Silver,Cypher,Sentinel,0.5346251588310038,70127
Pearl,Silver,Sage,Sentinel,0.5326132994493858,102723
Pearl,Silver,Jett,Duelist,0.5324015247776366,154523
Pearl,Silver,Sova,Initiator,0.5277424819991529,43625
Pearl,Silver,Neon,Duelist,0.526577721304532,46577
Pearl,Silver,Iso,Duelist,0.5249894112664125,53157
Pearl,Silver,Chamber,Sentinel,0.5237187632359169,97355
Pearl,Silver,Skye,Initiator,0.5217069038542991,32139
Pearl,Silver,Breach,Initiator,0.5204362558238035,25468
Pearl,Silver,Raze,Duelist,0.5195891571368064,44204
Pearl,Silver,Astra,Controller,0.5164125370605676,36676
Pearl,Silver,Brimstone,Controller,0.5160948750529437,30383
Pearl,Silver,Tejo,Initiator,0.5128123676408302,87813
Pearl,Silver,Yoru,Duelist,0.5126005929690808,30987
Pearl,Silver,Viper,Controller,0.5069885641677255,16284
Pearl,Silver,Omen,Controller,0.4932232105040237,67415
Pearl,Silver,KAY/O,Initiator,0.48856416772554,28089
Pearl,Silver,Harbor,Controller,0.47839898348157556,15531
Pearl,Gold,Clove,Controller,0.5596145700974163,110271
Pearl,Gold,Vyse,Sentinel,0.5461668784413384,16587
Pearl,Gold,Phoenix,Duelist,0.5429902583650995,37140
Pearl,Gold,Gekko,Initiator,0.5392842016094874,43851
Pearl,Gold,Deadlock,Sentinel,0.5381194409148665,24213
Pearl,Gold,Fade,Initiator,0.5375900042354934,40117
Pearl,Gold,Cypher,Sentinel,0.5365311308767471,50712
Pearl,Gold,Reyna,Duelist,0.5351545955103769,118252
Pearl,Gold,Sage,Sentinel,0.5324015247776366,52688
Pearl,Gold,Jett,Duelist,0.5312367640830157,131141
Pearl,Gold,Killjoy,Sentinel,0.5304955527318933,40207
Pearl,Gold,Neon,Duelist,0.5302837780601439,28106
Pearl,Gold,Iso,Duelist,0.5273189326556543,34882
Pearl,Gold,Sova,Initiator,0.5256247352816603,31555
Pearl,Gold,Skye,Initiator,0.5231893265565438,20569
Pearl,Gold,Brimstone,Controller,0.522554002541296,15747
Pearl,Gold,Chamber,Sentinel,0.5214951291825497,77700
Pearl,Gold,Raze,Duelist,0.5208598051673019,26661
Pearl,Gold,Viper,Controller,0.5173655230834392,11991
Pearl,Gold,Tejo,Initiator,0.5150360016941974,62813
Pearl,Gold,Breach,Initiator,0.5140830156713256,16669
Pearl,Gold,Yoru,Duelist,0.513130029648454,21279
Pearl,Gold,Astra,Controller,0.5126005929690808,39186
Pearl,Gold,KAY/O,Initiator,0.49163490046590425,19071
Pearl,Gold,Omen,Controller,0.4878229563744176,40453
Pearl,Gold,Harbor,Controller,0.4764930114358322,11039
Pearl,Platinum,Clove,Controller,0.5582380347310462,58720
Pearl,Platinum,Phoenix,Duelist,0.5463786531130876,19687
Pearl,Platinum,Deadlock,Sentinel,0.543413807708598,11213
Pearl,Platinum,Neon,Duelist,0.5414019483269801,13052
Pearl,Platinum,Gekko,Initiator,0.5394959762812368,23410
Pearl,Platinum,Killjoy,Sentinel,0.5373782295637441,24742
Pearl,Platinum,Iso,Duelist,0.5370605675561202,17436
Pearl,Platinum,Cypher,Sentinel,0.5356840321897501,28022
Pearl,Platinum,Sage,Sentinel,0.5336721728081321,18504
Pearl,Platinum,Fade,Initiator,0.5326132994493858,27357
Pearl,Platinum,Reyna,Duelist,0.5324015247776366,58666
Pearl,Platinum,Yoru,Duelist,0.5306014400677679,10819
Pearl,Platinum,Sova,Initiator,0.5299661160525201,16832
Pearl,Platinum,Jett,Duelist,0.5295425667090216,79567
Pearl,Platinum,Vyse,Sentinel,0.5289072426937739,9645
Pearl,Platinum,Breach,Initiator,0.5189538331215586,7315
Pearl,Platinum,Chamber,Sentinel,0.5182126217704363,42942
Pearl,Platinum,Brimstone,Controller,0.5171537484116899,6053
Pearl,Platinum,Tejo,Initiator,0.5162007623888183,33396
Pearl,Platinum,Skye,Initiator,0.5153536637018212,9954
Pearl,Platinum,Astra,Controller,0.5129182549767047,27919
Pearl,Platinum,Raze,Duelist,0.5117534942820838,11530
Pearl,Platinum,Viper,Controller,0.5063532401524777,6503
Pearl,Platinum,Omen,Controller,0.48856416772554,16633
Pearl,Platinum,KAY/O,Initiator,0.48358746293943244,9243
Pearl,Platinum,Harbor,Controller,0.4753282507412113,5730
Pearl,Diamond,Clove,Controller,0.5625794155019059,44219
Pearl,Diamond,Neon,Duelist,0.5489199491740788,8700
Pearl,Diamond,Phoenix,Duelist,0.5489199491740788,13956
Pearl,Diamond,Deadlock,Sentinel,0.5476493011435832,7239
Pearl,Diamond,Iso,Duelist,0.5462727657772131,13091
Pearl,Diamond,Vyse,Sentinel,0.5439432443879711,7644
Pearl,Diamond,Sage,Sentinel,0.5435196950444726,8405
Pearl,Diamond,Gekko,Initiator,0.538860652265989,16028
Pearl,Diamond,Cypher,Sentinel,0.5364252435408724,20801
Pearl,Diamond,Fade,Initiator,0.5358958068614993,25166
Pearl,Diamond,Sova,Initiator,0.5335662854722575,11848
Pearl,Diamond,Reyna,Duelist,0.531977975434138,40645
Pearl,Diamond,Killjoy,Sentinel,0.5300720033883948,20132
Pearl,Diamond,Jett,Duelist,0.5277424819991529,63574
Pearl,Diamond,Yoru,Duelist,0.5250952986022872,8030
Pearl,Diamond,Brimstone,Controller,0.5214951291825497,3141
Pearl,Diamond,Chamber,Sentinel,0.5169419737399407,30508
Pearl,Diamond,Tejo,Initiator,0.5115417196103346,23977
Pearl,Diamond,Viper,Controller,0.5077297755188479,4740
Pearl,Diamond,Skye,Initiator,0.5075180008470986,5798
Pearl,Diamond,Breach,Initiator,0.5066709021601017,3912
Pearl,Diamond,Raze,Duelist,0.5049767047861076,6228
Pearl,Diamond,Astra,Controller,0.5020118593816179,23776
Pearl,Diamond,Omen,Controller,0.47543413807708595,8355
Pearl,Diamond,Harbor,Controller,0.4726810673443456,3645
Pearl,Diamond,KAY/O,Initiator,0.4699279966116053,5962
Pearl,Ascendant,Sage,Sentinel,0.5997458703939008,1928
Pearl,Ascendant,Neon,Duelist,0.5940279542566709,4754
Pearl,Ascendant,Deadlock,Sentinel,0.5610969927996612,2948
Pearl,Ascendant,Iso,Duelist,0.5573909360440491,8264
Pearl,Ascendant,Clove,Controller,0.5569673867005506,25325
Pearl,Ascendant,Breach,Initiator,0.5560144006776789,1154
Pearl,Ascendant,Phoenix,Duelist,0.5547437526471833,7399
Pearl,Ascendant,Vyse,Sentinel,0.5489199491740788,5392
Pearl,Ascendant,Cypher,Sentinel,0.5338839474798814,10059
Pearl,Ascendant,Jett,Duelist,0.5264718339686573,34528
Pearl,Ascendant,Sova,Initiator,0.5260482846251588,6284
Pearl,Ascendant,Fade,Initiator,0.5259423972892842,17749
Pearl,Ascendant,Gekko,Initiator,0.5237187632359169,5350
Pearl,Ascendant,Reyna,Duelist,0.5209656925031766,19223
Pearl,Ascendant,Killjoy,Sentinel,0.5185302837780601,13532
Pearl,Ascendant,Chamber,Sentinel,0.5178949597628123,11905
Pearl,Ascendant,Tejo,Initiator,0.5160948750529437,12164
Pearl,Ascendant,Raze,Duelist,0.5130241423125794,1969
Pearl,Ascendant,Skye,Initiator,0.5129182549767047,1864
Pearl,Ascendant,Yoru,Duelist,0.5127064803049555,4983
Pearl,Ascendant,Astra,Controller,0.49703515459551034,13642
Pearl,Ascendant,Brimstone,Controller,0.48898771706903854,890
Pearl,Ascendant,KAY/O,Initiator,0.4785048708174502,2206
Pearl,Ascendant,Viper,Controller,0.4770224481152054,1434
Pearl,Ascendant,Harbor,Controller,0.4723634053367217,1011
Pearl,Ascendant,Omen,Controller,0.45986869970351546,2003
Pearl,Immortal,Skye,Initiator,0.6536425243540872,392
Pearl,Immortal,Brimstone,Controller,0.5988987717069039,221
Pearl,Immortal,Iso,Duelist,0.5670266836086404,3479
Pearl,Immortal,Neon,Duelist,0.565438373570521,1781
Pearl,Immortal,Phoenix,Duelist,0.5591910207539178,3310
Pearl,Immortal,Vyse,Sentinel,0.5581321473951715,4428
Pearl,Immortal,Clove,Controller,0.5506141465480728,11273
Pearl,Immortal,Fade,Initiator,0.5492376111817027,8322
Pearl,Immortal,Omen,Controller,0.5429902583650995,156
Pearl,Immortal,Jett,Duelist,0.5350487081745023,13276
Pearl,Immortal,Breach,Initiator,0.5268953833121558,207
Pearl,Immortal,Viper,Controller,0.5263659466327827,175
Pearl,Immortal,Cypher,Sentinel,0.5260482846251588,3303
Pearl,Immortal,Sova,Initiator,0.5212833545108004,3246
Pearl,Immortal,Yoru,Duelist,0.5195891571368064,3234
Pearl,Immortal,Reyna,Duelist,0.5153536637018212,6441
Pearl,Immortal,Killjoy,Sentinel,0.5119652689538331,5956
Pearl,Immortal,Sage,Sentinel,0.5108005082592122,313
Pearl,Immortal,Chamber,Sentinel,0.5097416349004659,2522
Pearl,Immortal,Gekko,Initiator,0.5044472681067345,804
Pearl,Immortal,Astra,Controller,0.4864464210080474,5333
Pearl,Immortal,KAY/O,Initiator,0.47522236340533675,742
Pearl,Immortal,Raze,Duelist,0.46865734858110963,244
Pearl,Immortal,Harbor,Controller,0.46865734858110963,122
Pearl,Immortal,Deadlock,Sentinel,0.46791613722998726,663
Pearl,Immortal,Tejo,Initiator,0.46283354510800506,4377
Pearl,Radiant,Omen,Controller,0.7147395171537484,40
Pearl,Radiant,Tejo,Initiator,0.5893689114781872,2183
Pearl,Radiant,KAY/O,Initiator,0.5749682337992376,407
Pearl,Radiant,Iso,Duelist,0.5690385429902584,2043
Pearl,Radiant,Vyse,Sentinel,0.5610969927996612,4450
Pearl,Radiant,Clove,Controller,0.5495552731893265,7925
Pearl,Radiant,Killjoy,Sentinel,0.5436255823803473,3646
Pearl,Radiant,Reyna,Duelist,0.5418254976704786,3733
Pearl,Radiant,Jett,Duelist,0.5361075815332487,8587
Pearl,Radiant,Raze,Duelist,0.529436679373147,122
Pearl,Radiant,Neon,Duelist,0.5224481152054214,1291
Pearl,Radiant,Sova,Initiator,0.5214951291825497,2794
Pearl,Radiant,Yoru,Duelist,0.5214951291825497,3188
Pearl,Radiant,Fade,Initiator,0.518000847098687,6400
Pearl,Radiant,Phoenix,Duelist,0.4900465904277848,2111
Pearl,Radiant,Gekko,Initiator,0.4866581956797967,272
Pearl,Radiant,Astra,Controller,0.4831639135959339,3397
Pearl,Radiant,Cypher,Sentinel,0.48178737822956375,1787
Pearl,Radiant,Chamber,Sentinel,0.4736340533672172,1299
Pearl,Radiant,Deadlock,Sentinel,0.4523506988564167,405
Pearl,Radiant,Viper,Controller,0.4117958492164337,72
Pearl,Radiant,Sage,Sentinel,0.38394747988140615,182
Pearl,Radiant,Harbor,Controller,0.3796060991105464,53
Pearl,Radiant,Breach,Initiator,0.3509106310885218,175
Pearl,Radiant,Brimstone,Controller,0.3176620076238882,50
Pearl,Radiant,Skye,Initiator,0.2882253282507412,158
Split,Iron,Clove,Controller,0.5594027954256671,37129
Split,Iron,Cypher,Sentinel,0.5430961457009741,25600
Split,Iron,Killjoy,Sentinel,0.5428843710292249,9432
Split,Iron,Raze,Duelist,0.5411901736552308,22247
Split,Iron,Sage,Sentinel,0.5378017789072427,47746
Split,Iron,Deadlock,Sentinel,0.5375900042354934,10837
Split,Iron,Reyna,Duelist,0.5373782295637441,55454
Split,Iron,Skye,Initiator,0.5348369335027531,11167
Split,Iron,Fade,Initiator,0.5332486234646336,9609
Split,Iron,Breach,Initiator,0.5301778907242694,6337
Split,Iron,Astra,Controller,0.5286954680220245,2101
Split,Iron,Chamber,Sentinel,0.525412960609911,13244
Split,Iron,Iso,Duelist,0.5243540872511647,16858
Split,Iron,Jett,Duelist,0.5230834392206691,26440
Split,Iron,Gekko,Initiator,0.5220245658619228,21342
Split,Iron,Phoenix,Duelist,0.5208598051673019,20230
Split,Iron,Tejo,Initiator,0.5202244811520542,26203
Split,Iron,Neon,Duelist,0.520012706480305,20819
Split,Iron,Sova,Initiator,0.5172596357475646,14074
Split,Iron,Vyse,Sentinel,0.5171537484116899,4064
Split,Iron,KAY/O,Initiator,0.5154595510376958,7923
Split,Iron,Omen,Controller,0.5146124523506989,29781
Split,Iron,Brimstone,Controller,0.5104828462515882,14067
Split,Iron,Viper,Controller,0.5077297755188479,5391
Split,Iron,Yoru,Duelist,0.5009529860228716,18388
Split,Iron,Harbor,Controller,0.4833756882676831,2587
Split,Bronze,Clove,Controller,0.5582380347310462,174126
Split,Bronze,Sage,Sentinel,0.5418254976704786,169300
Split,Bronze,Deadlock,Sentinel,0.5409783989834815,42909
Split,Bronze,Reyna,Duelist,0.5355781448538754,214085
Split,Bronze,Cypher,Sentinel,0.5337780601440067,126230
Split,Bronze,Killjoy,Sentinel,0.5325074121135112,41394
Split,Bronze,Raze,Duelist,0.5315544260906395,93239
Split,Bronze,Breach,Initiator,0.5312367640830157,36104
Split,Bronze,Jett,Duelist,0.5312367640830157,130240
Split,Bronze,Skye,Initiator,0.5302837780601439,51922
Split,Bronze,Phoenix,Duelist,0.5299661160525201,66053
Split,Bronze,Gekko,Initiator,0.5290131300296484,68771
Split,Bronze,Vyse,Sentinel,0.5266836086404066,15861
Split,Bronze,Fade,Initiator,0.5249894112664125,31328
Split,Bronze,Neon,Duelist,0.5234011012282931,61865
Split,Bronze,Iso,Duelist,0.5210715798390513,61398
Split,Bronze,Tejo,Initiator,0.5209656925031766,105374
Split,Bronze,Brimstone,Controller,0.5189538331215586,47551
Split,Bronze,Sova,Initiator,0.5185302837780601,46979
Split,Bronze,Chamber,Sentinel,0.5162007623888183,59736
Split,Bronze,Omen,Controller,0.5043413807708598,114971
Split,Bronze,Yoru,Duelist,0.5027530707327403,43685
Split,Bronze,Astra,Controller,0.49978822532825073,11573
Split,Bronze,Viper,Controller,0.49862346463362983,15990
Split,Bronze,KAY/O,Initiator,0.4941761965268954,31670
Split,Bronze,Harbor,Controller,0.4733163913595934,6976
Split,Silver,Clove,Controller,0.555696738670055,160919
Split,Silver,Sage,Sentinel,0.5464845404489622,132696
Split,Silver,Reyna,Duelist,0.5358958068614993,170874
Split,Silver,Deadlock,Sentinel,0.5350487081745023,34088
Split,Silver,Raze,Duelist,0.5338839474798814,92858
Split,Silver,Skye,Initiator,0.5321897501058873,50631
Split,Silver,Jett,Duelist,0.5313426514188903,137108
Split,Silver,Breach,Initiator,0.5308132147395171,39503
Split,Silver,Phoenix,Duelist,0.5308132147395171,48795
Split,Silver,Cypher,Sentinel,0.5299661160525201,118218
Split,Silver,Fade,Initiator,0.5283778060144007,22870
Split,Silver,Vyse,Sentinel,0.5276365946632783,13308
Split,Silver,Gekko,Initiator,0.5255188479457857,47902
Split,Silver,Killjoy,Sentinel,0.5252011859381618,35533
Split,Silver,Neon,Duelist,0.5250952986022872,39244
Split,Silver,Iso,Duelist,0.5198009318085557,44928
Split,Silver,Tejo,Initiator,0.5193773824650572,93340
Split,Silver,Sova,Initiator,0.5171537484116899,36163
Split,Silver,Brimstone,Controller,0.5150360016941974,31949
Split,Silver,Chamber,Sentinel,0.5145065650148243,54822
Split,Silver,Yoru,Duelist,0.5069885641677255,27051
Split,Silver,Astra,Controller,0.5048708174502329,13030
Split,Silver,Omen,Controller,0.5009529860228716,98030
Split,Silver,Viper,Controller,0.49819991529013125,10143
Split,Silver,KAY/O,Initiator,0.49650571791613723,26231
Split,Silver,Harbor,Controller,0.46198644642100806,3456
Split,Gold,Clove,Controller,0.5573909360440491,132139
Split,Gold,Sage,Sentinel,0.5496611605252011,97558
Split,Gold,Deadlock,Sentinel,0.5384371029224905,23908
Split,Gold,Skye,Initiator,0.5353663701821262,47686
Split,Gold,Phoenix,Duelist,0.5351545955103769,32231
Split,Gold,Reyna,Duelist,0.5343074968233799,121624
Split,Gold,Raze,Duelist,0.5317662007623888,82067
Split,Gold,Iso,Duelist,0.5314485387547648,29417
Split,Gold,Breach,Initiator,0.5303896653960186,36994
Split,Gold,Jett,Duelist,0.5289072426937739,122938
Split,Gold,Cypher,Sentinel,0.5270012706480305,99809
Split,Gold,Neon,Duelist,0.5262600592969081,23372
Split,Gold,Vyse,Sentinel,0.5247776365946633,11426
Split,Gold,Fade,Initiator,0.5237187632359169,15891
Split,Gold,Sova,Initiator,0.522554002541296,24995
Split,Gold,Gekko,Initiator,0.5222363405336722,30241
Split,Gold,Tejo,Initiator,0.5198009318085557,74435
Split,Gold,Killjoy,Sentinel,0.517683185091063,25155
Split,Gold,Chamber,Sentinel,0.5150360016941974,42140
Split,Gold,Brimstone,Controller,0.5136594663278271,18261
Split,Gold,Yoru,Duelist,0.5126005929690808,17797
Split,Gold,Viper,Controller,0.49862346463362983,6039
Split,Gold,Astra,Controller,0.4953409572215163,11893
Split,Gold,Omen,Controller,0.4949174078780178,76982
Split,Gold,KAY/O,Initiator,0.49110546378653114,18509
Split,Gold,Harbor,Controller,0.4331850910631088,1623
Split,Platinum,Clove,Controller,0.5560144006776789,75721
Split,Platinum,Sage,Sentinel,0.5507200338839474,49220
Split,Platinum,Deadlock,Sentinel,0.5452138924184667,12400
Split,Platinum,Iso,Duelist,0.5438373570520966,14428
Split,Platinum,Neon,Duelist,0.5404489623041084,10364
Split,Platinum,Breach,Initiator,0.5363193562049978,24081
Split,Platinum,Reyna,Duelist,0.5355781448538754,61218
Split,Platinum,Vyse,Sentinel,0.5332486234646336,6464
Split,Platinum,Skye,Initiator,0.5330368487928844,30646
Split,Platinum,Phoenix,Duelist,0.5310249894112664,14731
Split,Platinum,Raze,Duelist,0.529119017365523,48860
Split,Platinum,Jett,Duelist,0.5258365099534095,72875
Split,Platinum,Cypher,Sentinel,0.5253070732740364,59308
Split,Platinum,Fade,Initiator,0.5227657772130453,7539
Split,Platinum,Brimstone,Controller,0.5218127911901737,7191
Split,Platinum,Sova,Initiator,0.5209656925031766,11617
Split,Platinum,Tejo,Initiator,0.5191656077933079,41221
Split,Platinum,Chamber,Sentinel,0.5178949597628123,21346
Split,Platinum,Gekko,Initiator,0.5153536637018212,13153
Split,Platinum,Yoru,Duelist,0.5142947903430749,8993
Split,Platinum,Killjoy,Sentinel,0.5092121982210928,11855
Split,Platinum,Astra,Controller,0.4936467598475222,7081
Split,Platinum,Viper,Controller,0.49269377382465057,2637
Split,Platinum,Omen,Controller,0.4923761118170267,40910
Split,Platinum,KAY/O,Initiator,0.481999152901313,8622
Split,Platinum,Harbor,Controller,0.4410207539178314,509
Split,Diamond,Sage,Sentinel,0.5550614146548073,29129
Split,Diamond,Clove,Controller,0.5523083439220668,56584
Split,Diamond,Neon,Duelist,0.5494493858534519,6283
Split,Diamond,Deadlock,Sentinel,0.5483905124947056,8378
Split,Diamond,Iso,Duelist,0.5436255823803473,9678
Split,Diamond,Phoenix,Duelist,0.5350487081745023,7703
Split,Diamond,Skye,Initiator,0.5324015247776366,25781
Split,Diamond,Reyna,Duelist,0.5308132147395171,39472
Split,Diamond,Brimstone,Controller,0.5297543413807708,3224
Split,Diamond,Breach,Initiator,0.5295425667090216,18469
Split,Diamond,Raze,Duelist,0.5283778060144007,36232
Split,Diamond,Jett,Duelist,0.5275307073274036,54099
Split,Diamond,Yoru,Duelist,0.5266836086404066,5619
Split,Diamond,Fade,Initiator,0.5262600592969081,4469
Split,Diamond,Cypher,Sentinel,0.5258365099534095,45925
Split,Diamond,Sova,Initiator,0.5235069885641677,5643
Split,Diamond,Gekko,Initiator,0.5214951291825497,6102
Split,Diamond,Tejo,Initiator,0.518000847098687,29295
Split,Diamond,Vyse,Sentinel,0.5175772977551885,4446
Split,Diamond,Killjoy,Sentinel,0.5127064803049555,6654
Split,Diamond,Chamber,Sentinel,0.512282930961457,12598
Split,Diamond,Omen,Controller,0.48994070309191023,25265
Split,Diamond,Astra,Controller,0.48506988564167725,5086
Split,Diamond,KAY/O,Initiator,0.48443456162642945,4404
Split,Diamond,Viper,Controller,0.4798814061838204,1379
Split,Diamond,Harbor,Controller,0.4423972892842016,213
Split,Ascendant,Iso,Duelist,0.5848157560355781,6335
Split,Ascendant,Sage,Sentinel,0.5589792460821685,10317
Split,Ascendant,Phoenix,Duelist,0.556861499364676,2938
Split,Ascendant,Viper,Controller,0.5546378653113088,1008
Split,Ascendant,Brimstone,Controller,0.5528377806014401,881
Split,Ascendant,Neon,Duelist,0.5494493858534519,3332
Split,Ascendant,Clove,Controller,0.5462727657772131,34093
Split,Ascendant,Gekko,Initiator,0.5446844557390935,1454
Split,Ascendant,Deadlock,Sentinel,0.5408725116476069,4693
Split,Ascendant,Sova,Initiator,0.5389665396018636,1395
Split,Ascendant,Fade,Initiator,0.533142736128759,1877
Split,Ascendant,Killjoy,Sentinel,0.5290131300296484,2228
Split,Ascendant,Jett,Duelist,0.5272130453197797,27427
Split,Ascendant,Reyna,Duelist,0.5259423972892842,19380
Split,Ascendant,Raze,Duelist,0.525412960609911,22603
Split,Ascendant,Cypher,Sentinel,0.5249894112664125,27342
Split,Ascendant,Skye,Initiator,0.524565861922914,18297
Split,Ascendant,Tejo,Initiator,0.5232952138924185,15670
Split,Ascendant,Breach,Initiator,0.5170478610758152,8352
Split,Ascendant,Chamber,Sentinel,0.5147183396865734,4666
Split,Ascendant,Vyse,Sentinel,0.5138712409995765,3167
Split,Ascendant,Yoru,Duelist,0.5058238034731046,3073
Split,Ascendant,Astra,Controller,0.49883523930537904,2299
Split,Ascendant,KAY/O,Initiator,0.48612875900042346,1089
Split,Ascendant,Omen,Controller,0.4717280813214739,9556
Split,Ascendant,Harbor,Controller,0.20362134688691233,78
Split,Immortal,Harbor,Controller,0.6738670055061414,11
Split,Immortal,Phoenix,Duelist,0.6033460398136382,630
Split,Immortal,Sage,Sentinel,0.5912748835239305,2328
Split,Immortal,Brimstone,Controller,0.5616264294790343,115
Split,Immortal,Neon,Duelist,0.5578144853875476,1196
Split,Immortal,Vyse,Sentinel,0.5505082592121983,2381
Split,Immortal,Viper,Controller,0.5504023718763236,935
Split,Immortal,KAY/O,Initiator,0.5494493858534519,185
Split,Immortal,Astra,Controller,0.5466963151207116,738
Split,Immortal,Reyna,Duelist,0.5432020330368488,6928
Split,Immortal,Raze,Duelist,0.5398136382888606,10684
Split,Immortal,Clove,Controller,0.5356840321897501,14538
Split,Immortal,Iso,Duelist,0.5351545955103769,2230
Split,Immortal,Chamber,Sentinel,0.5350487081745023,1122
Split,Immortal,Cypher,Sentinel,0.5324015247776366,10618
Split,Immortal,Skye,Initiator,0.5280601440067767,7861
Split,Immortal,Jett,Duelist,0.5153536637018212,8366
Split,Immortal,Tejo,Initiator,0.5081533248623464,6553
Split,Immortal,Gekko,Initiator,0.5051884794578568,153
Split,Immortal,Fade,Initiator,0.5034942820838627,877
Split,Immortal,Deadlock,Sentinel,0.4957645065650148,1841
Split,Immortal,Yoru,Duelist,0.4869758576874206,1735
Split,Immortal,Sova,Initiator,0.48210504023718764,123
Split,Immortal,Killjoy,Sentinel,0.4800931808555697,247
Split,Immortal,Omen,Controller,0.4719398559932232,1961
Split,Immortal,Breach,Initiator,0.46855146124523506,1704
Split,Radiant,KAY/O,Initiator,0.7815544260906395,42
Split,Radiant,Brimstone,Controller,0.7380347310461669,33
Split,Radiant,Phoenix,Duelist,0.6568191444303261,295
Split,Radiant,Harbor,Controller,0.5883100381194409,36
Split,Radiant,Iso,Duelist,0.5680855569673866,1383
Split,Radiant,Breach,Initiator,0.5628970775095298,1014
Split,Radiant,Yoru,Duelist,0.5564379500211775,1886
Split,Radiant,Deadlock,Sentinel,0.5458492164337144,1455
Split,Radiant,Omen,Controller,0.5420372723422279,1641
Split,Radiant,Raze,Duelist,0.5380135535789919,8760
Split,Radiant,Jett,Duelist,0.536848792884371,4805
Split,Radiant,Reyna,Duelist,0.5362134688691232,3837
Split,Radiant,Clove,Controller,0.531130876747141,10103
Split,Radiant,Tejo,Initiator,0.5282719186785261,4895
Split,Radiant,Cypher,Sentinel,0.5280601440067767,7146
Split,Radiant,Chamber,Sentinel,0.5279542566709021,1043
Split,Radiant,Skye,Initiator,0.5248835239305378,5469
Split,Radiant,Astra,Controller,0.5132359169843287,458
Split,Radiant,Sage,Sentinel,0.5095298602287166,1276
Split,Radiant,Gekko,Initiator,0.5015883100381194,38
Split,Radiant,Fade,Initiator,0.49618805590851334,636
Split,Radiant,Vyse,Sentinel,0.48623464633629815,2291
Split,Radiant,Viper,Controller,0.47935196950444725,1056
Split,Radiant,Neon,Duelist,0.4277848369335027,943
Split,Radiant,Sova,Initiator,0.3491105463786531,182
Split,Radiant,Killjoy,Sentinel,0.2845192714951292,67
