Map,Agent1,Agent2,Agent3,Agent4,Agent5
Split,Astra,Clove,Deadlock,Jett,Neon
Split,Clove,Jett,Deadlock,Neon,Sage
Split,Astra,Clove,Jett,Sage,Neon
Split,Astra,Clove,Jett,Reyna,Cypher
Split,Clove,Jett,Deadlock,Reyna,Sage
Split,Omen,Jett,Clove,Deadlock,Tejo
Split,Omen,Clove,Jett,Sage,Gekko
Split,Clove,Jett,Reyna,Sage,Deadlock
Split,Harbor,Clove,Neon,Deadlock,Sage
Split,Brimstone,Jett,Clove,Reyna,Deadlock
Split,Viper,Clove,Reyna,Deadlock,Jett
Split,Brimstone,Clove,Jett,Reyna,Deadlock
Split,Astra,Clove,Jett,Reyna,Deadlock
Split,Viper,Clove,Neon,Sage,Phoenix
Split,Astra,Clove,Jett,Cypher,Iso
Split,Brimstone,Clove,Neon,Reyna,Skye
Split,Brimstone,Clove,Reyna,Iso,Sage
Split,Brimstone,Deadlock,Clove,Reyna,Jett
Split,Harbor,Clove,Fade,Reyna,Jett
Split,Omen,Clove,Jett,Reyna,Sage
Split,Viper,Jett,Clove,Sage,Reyna
Split,Omen,Jett,Clove,Reyna,Killjoy
Split,Clove,Deadlock,Jett,Reyna,Cypher
Split,Omen,Reyna,Clove,Jett,Cypher
Split,Omen,Clove,Reyna,Jett,Skye
Split,Brimstone,Clove,Reyna,Jett,Fade
Split,Clove,Reyna,Sage,Breach,Jett
Split,Clove,Reyna,Jett,Deadlock,Cypher
Split,Viper,Clove,Reyna,Deadlock,Chamber
Split,Astra,Clove,Deadlock,Reyna,Sage
Split,Viper,Clove,Sage,Jett,Iso
Split,Harbor,Jett,Clove,Deadlock,Reyna
Split,Viper,Clove,Sage,Cypher,Tejo
Split,Clove,Jett,Sage,Reyna,Deadlock
Split,Omen,Clove,Sage,Reyna,Jett
Split,Clove,Jett,Reyna,Sage,Breach
Split,Astra,Clove,Reyna,Jett,Sage
Split,Brimstone,Clove,Cypher,Deadlock,Jett
Split,Omen,Clove,Deadlock,Jett,Reyna
Split,Harbor,Clove,Deadlock,Jett,Sage
Split,Omen,Reyna,Clove,Neon,Sage
Split,Omen,Reyna,Clove,Neon,Sage
Split,Viper,Clove,Reyna,Jett,Deadlock
Split,Harbor,Clove,Jett,Reyna,Deadlock
Split,Harbor,Jett,Clove,Reyna,Sova
Split,Clove,Reyna,Jett,Skye,Deadlock
Split,Omen,Jett,Deadlock,Reyna,Clove
Split,Clove,Jett,Sova,Deadlock,Reyna
Split,Brimstone,Jett,Clove,Sage,Reyna
Split,Brimstone,Jett,Clove,Reyna,Deadlock
Split,Omen,Reyna,Clove,Neon,Chamber
Split,Brimstone,Reyna,Jett,Clove,Deadlock
Split,Harbor,Clove,Neon,Sage,Iso
Split,Brimstone,Clove,Reyna,Deadlock,Jett
Split,Clove,Jett,Reyna,Chamber,Sage
Split,Harbor,Jett,Clove,Sova,Gekko
Split,Astra,Jett,Clove,Vyse,Reyna
Split,Clove,Jett,Deadlock,Neon,Vyse
Split,Astra,Clove,Iso,Reyna,Deadlock
Split,Viper,Jett,Clove,Deadlock,Neon
Split,Clove,Reyna,Jett,Deadlock,Breach
Split,Omen,Reyna,Clove,Jett,Deadlock
Split,Omen,Reyna,Clove,Jett,Deadlock
Split,Clove,Jett,Deadlock,Reyna,Cypher
Split,Brimstone,Clove,Jett,Deadlock,Reyna
Split,Omen,Clove,Reyna,Sage,Deadlock
Split,Omen,Clove,Jett,Reyna,Tejo
Split,Viper,Jett,Clove,Deadlock,Sage
Split,Brimstone,Clove,Reyna,Deadlock,Phoenix
Split,Clove,Brimstone,Jett,Killjoy,Gekko
Split,Harbor,Sage,Reyna,Clove,Phoenix
Split,Viper,Clove,Jett,Reyna,Sage
Split,Brimstone,Deadlock,Jett,Clove,Reyna
Split,Astra,Clove,Reyna,Sova,Jett
Split,Harbor,Clove,Jett,Tejo,Sage
Split,Brimstone,Reyna,Jett,Deadlock,Clove
Split,Brimstone,Clove,Neon,Jett,Deadlock
Split,Astra,Clove,Neon,Reyna,Deadlock
Split,Clove,Jett,Deadlock,Sage,Neon
Split,Clove,Jett,Reyna,Sage,Deadlock
Split,Harbor,Jett,Clove,Reyna,Deadlock
Split,Viper,Clove,Jett,Deadlock,Reyna
Split,Astra,Clove,Deadlock,Sage,Reyna
Split,Omen,Clove,Reyna,Jett,Breach
Split,Omen,Jett,Clove,Reyna,Deadlock
Split,Omen,Reyna,Deadlock,Clove,Sova
Split,Harbor,Reyna,Clove,Jett,Sage
Split,Omen,Clove,Chamber,Cypher,Reyna
Split,Brimstone,Clove,Fade,Deadlock,Jett
Split,Astra,Clove,Neon,Jett,Sage
Split,Brimstone,Reyna,Jett,Clove,Killjoy
Split,Clove,Deadlock,Jett,Sage,Reyna
Split,Viper,Reyna,Clove,Deadlock,Sage
Split,Astra,Deadlock,Clove,Jett,Reyna
Split,Astra,Clove,Sage,Deadlock,Jett
Split,Omen,Jett,Deadlock,Clove,Reyna
Split,Clove,Reyna,Jett,Sova,Deadlock
Split,Astra,Jett,Sage,Deadlock,Clove
Split,Brimstone,Clove,Jett,Neon,Deadlock
Split,Astra,Deadlock,Clove,Sage,Jett
Split,Viper,Reyna,Clove,Deadlock,Sova
Split,Clove,Reyna,Jett,Killjoy,Deadlock
Split,Astra,Reyna,Clove,Jett,Deadlock
Split,Clove,Reyna,Jett,Sage,Deadlock
Split,Omen,Clove,Jett,Sage,Reyna
Split,Astra,Clove,Jett,Neon,Deadlock
Split,Clove,Jett,Deadlock,Sage,Sova
Split,Brimstone,Reyna,Clove,Jett,Deadlock
Split,Omen,Jett,Clove,Reyna,Breach
Split,Clove,Deadlock,Breach,Killjoy,Reyna
Split,Harbor,Clove,Jett,Phoenix,Sage
Split,Brimstone,Clove,Sage,Jett,Neon
Split,Omen,Clove,Sage,Neon,Phoenix
Split,Viper,Clove,Jett,Deadlock,Tejo
Split,Harbor,Reyna,Clove,Jett,Deadlock
Split,Omen,Deadlock,Reyna,Clove,Neon
Split,Omen,Clove,Sage,Deadlock,Jett
Split,Harbor,Clove,Reyna,Jett,Sage
Split,Harbor,Reyna,Clove,Jett,Deadlock
Split,Astra,Fade,Jett,Clove,Reyna
Split,Harbor,Jett,Deadlock,Sage,Clove
Split,Brimstone,Deadlock,Jett,Reyna,Clove
Split,Viper,Deadlock,Jett,Clove,Reyna
Split,Astra,Clove,Jett,Sage,Cypher
Split,Omen,Clove,Jett,Cypher,Sage
Split,Viper,Jett,Clove,Sage,Neon
Split,Brimstone,Jett,Reyna,Clove,Sova
Split,Viper,Clove,Jett,Reyna,Sage
Split,Viper,Deadlock,Clove,Jett,Reyna
Split,Brimstone,Jett,Clove,Reyna,Gekko
Split,Clove,Jett,Sage,Cypher,Phoenix
Split,Omen,Clove,Jett,Sova,Killjoy
Split,Brimstone,Clove,Reyna,Jett,Breach
Split,Viper,Clove,Jett,Neon,Deadlock
Split,Viper,Reyna,Jett,Sage,Clove
Split,Astra,Jett,Clove,Reyna,Sova
Split,Harbor,Deadlock,Clove,Sage,Jett
Split,Viper,Clove,Jett,Cypher,Sova
Split,Brimstone,Clove,Jett,Sova,Phoenix
Split,Astra,Clove,Jett,Chamber,Sage
Split,Clove,Jett,Deadlock,Sage,Neon
Split,Brimstone,Clove,Jett,Deadlock,Reyna
Split,Brimstone,Clove,Reyna,Neon,Sage
Split,Viper,Clove,Deadlock,Reyna,Sage
Split,Viper,Deadlock,Clove,Jett,Reyna
Split,Astra,Clove,Neon,Jett,Sage
Split,Clove,Deadlock,Reyna,Sage,Jett
Split,Harbor,Jett,Sage,Clove,Reyna
Split,Omen,Clove,Deadlock,Fade,Reyna
Split,Viper,Deadlock,Reyna,Clove,Sage
Split,Brimstone,Jett,Clove,Deadlock,Breach
Split,Clove,Reyna,Jett,Skye,Deadlock
Split,Viper,Clove,Jett,Deadlock,Sage
Split,Brimstone,Clove,Neon,Jett,Sage
Split,Harbor,Sage,Jett,Clove,Reyna
Split,Omen,Deadlock,Clove,Jett,Reyna
Split,Viper,Clove,Jett,Reyna,Deadlock
Split,Astra,Clove,Jett,Deadlock,Reyna
Split,Omen,Clove,Jett,Deadlock,Sova
Split,Viper,Sage,Clove,Jett,Reyna
Split,Omen,Deadlock,Reyna,Jett,Sova
Split,Viper,Jett,Clove,Deadlock,Reyna
Split,Astra,Jett,Clove,Phoenix,Killjoy
Split,Brimstone,Jett,Clove,Reyna,Deadlock
Split,Astra,Clove,Neon,Jett,Tejo
Split,Viper,Clove,Jett,Deadlock,Neon
Split,Harbor,Clove,Jett,Sage,Phoenix
Split,Astra,Jett,Reyna,Clove,Killjoy
Split,Clove,Sage,Deadlock,Jett,Neon
Split,Omen,Clove,Reyna,Deadlock,Jett
Split,Astra,Reyna,Clove,Deadlock,Sova
Split,Astra,Jett,Clove,Neon,Sage
Split,Astra,Clove,Jett,Deadlock,Sage
Split,Brimstone,Clove,Jett,Sage,Cypher
Split,Clove,Jett,Reyna,Deadlock,Sage
Split,Harbor,Clove,Jett,Cypher,Neon
Split,Viper,Clove,Jett,Sage,Reyna
Split,Harbor,Clove,Jett,Reyna,Sage
Split,Omen,Clove,Deadlock,Reyna,Sage
Split,Astra,Reyna,Clove,Sage,Cypher
Split,Astra,Jett,Reyna,Deadlock,Sage
Split,Brimstone,Jett,Clove,Tejo,Deadlock
Split,Harbor,Clove,Reyna,Deadlock,Sage
Split,Astra,Jett,Clove,Reyna,Killjoy
Split,Omen,Reyna,Clove,Jett,Cypher
Split,Viper,Sage,Clove,Jett,Breach
Split,Astra,Deadlock,Jett,Clove,Sage
Split,Viper,Clove,Sage,Reyna,Jett
Split,Brimstone,Clove,Jett,Deadlock,Sova
Split,Omen,Clove,Iso,Jett,Deadlock
Split,Clove,Reyna,Jett,Deadlock,Fade
Split,Brimstone,Killjoy,Clove,Deadlock,Jett
Split,Viper,Clove,Iso,Jett,Sage
Split,Harbor,Sage,Jett,Clove,Deadlock
Split,Clove,Sage,Reyna,Jett,Cypher
Split,Astra,Clove,Deadlock,Jett,Reyna
Split,Harbor,Clove,Jett,Sova,Sage
Split,Brimstone,Jett,Clove,Reyna,Deadlock
Split,Viper,Jett,Clove,Reyna,Sage
Split,Astra,Reyna,Clove,Jett,Deadlock
Split,Omen,Clove,Jett,Reyna,Chamber
Split,Astra,Sage,Clove,Jett,Reyna
Split,Harbor,Clove,Neon,Sage,Killjoy
Split,Omen,Deadlock,Clove,Neon,Cypher
Split,Harbor,Clove,Iso,Jett,Sage
Split,Brimstone,Clove,Jett,Reyna,Deadlock
Split,Brimstone,Jett,Clove,Reyna,Deadlock
Split,Harbor,Reyna,Jett,Clove,Sage
Split,Clove,Deadlock,Jett,Sage,Skye
Split,Omen,Jett,Clove,Deadlock,Sage
Split,Harbor,Jett,Deadlock,Chamber,Clove
Split,Omen,Clove,Neon,Jett,Sage
Split,Brimstone,Jett,Clove,Neon,Sage
Split,Harbor,Clove,Sage,Reyna,Chamber
Split,Brimstone,Jett,Clove,Deadlock,Reyna
Split,Brimstone,Jett,Clove,Deadlock,Neon
Split,Harbor,Clove,Neon,Deadlock,Sage
Split,Clove,Jett,Cypher,Sage,Phoenix
Split,Omen,Sage,Clove,Jett,Deadlock
Split,Harbor,Clove,Reyna,Jett,Deadlock
Split,Viper,Clove,Reyna,Jett,Sage
Split,Viper,Clove,Neon,Jett,Deadlock
Split,Clove,Jett,Neon,Chamber,Deadlock
Split,Astra,Clove,Jett,Deadlock,Reyna
Split,Viper,Clove,Deadlock,Jett,Reyna
Split,Clove,Jett,Reyna,Sage,Deadlock
Split,Viper,Clove,Jett,Gekko,Sage
Split,Astra,Jett,Clove,Reyna,Deadlock
Split,Viper,Clove,Reyna,Cypher,Phoenix
Split,Astra,Clove,Jett,Cypher,Tejo
Split,Clove,Sage,Jett,Deadlock,Reyna
Split,Brimstone,Sage,Jett,Clove,Reyna
Split,Brimstone,Clove,Deadlock,Reyna,Jett
Split,Astra,Clove,Neon,Deadlock,Skye
Split,Brimstone,Clove,Jett,Raze,Cypher
Split,Clove,Jett,Chamber,Neon,Deadlock
Split,Omen,Clove,Reyna,Jett,Sage
Split,Viper,Clove,Sova,Reyna,Sage
Split,Astra,Jett,Clove,Neon,Sova
Split,Brimstone,Clove,Jett,Deadlock,Reyna
Split,Omen,Reyna,Sova,Jett,Clove
Split,Clove,Sage,Gekko,Deadlock,Reyna
Split,Brimstone,Jett,Clove,Chamber,Deadlock
Split,Astra,Clove,Reyna,Sage,Jett
Split,Clove,Deadlock,Jett,Neon,Sage
Split,Brimstone,Clove,Sage,Jett,Cypher
Split,Viper,Clove,Deadlock,Jett,Sage
Split,Brimstone,Jett,Clove,Sage,Reyna
Split,Astra,Clove,Jett,Deadlock,Sage
Split,Viper,Clove,Jett,Neon,Sage
Split,Clove,Jett,Deadlock,Reyna,Chamber
Split,Astra,Cypher,Clove,Deadlock,Reyna
Split,Harbor,Sage,Clove,Jett,Neon
Split,Omen,Jett,Sage,Reyna,Tejo
Split,Viper,Clove,Jett,Sage,Deadlock
Split,Brimstone,Clove,Reyna,Sage,Sova
Split,Clove,Reyna,Raze,Cypher,Deadlock
Split,Omen,Reyna,Jett,Clove,Sage
Split,Omen,Jett,Sage,Clove,Deadlock
Split,Viper,Clove,Jett,Reyna,Deadlock
Split,Astra,Jett,Clove,Reyna,Deadlock
Split,Clove,Jett,Deadlock,Sage,Harbor
Split,Astra,Reyna,Clove,Jett,Deadlock
Split,Harbor,Clove,Reyna,Deadlock,Jett
Split,Omen,Reyna,Jett,Fade,Clove
Split,Harbor,Clove,Jett,Sage,Reyna
Split,Viper,Jett,Clove,Killjoy,Sage
Split,Viper,Clove,Jett,Neon,KAY/O
Split,Omen,Clove,Deadlock,Sage,Jett
Split,Brimstone,Clove,Jett,Cypher,Reyna
Split,Clove,Reyna,Deadlock,Jett,Sage
Split,Brimstone,Clove,Jett,Sage,Yoru
Split,Astra,Jett,Clove,Fade,Reyna
Split,Viper,Clove,Reyna,Sage,Deadlock
Split,Harbor,Clove,Deadlock,Tejo,Jett
Split,Omen,Deadlock,Clove,Jett,Sage
Split,Viper,Reyna,Clove,Deadlock,Jett
Split,Astra,Clove,Jett,Chamber,Reyna
Split,Astra,Clove,Jett,Deadlock,Neon
Split,Brimstone,Clove,Jett,Neon,Sage
Split,Omen,Clove,Deadlock,Reyna,Sage
Split,Astra,Jett,Sage,Clove,Skye
Split,Clove,Sage,Deadlock,Reyna,Jett
Split,Viper,Sage,Clove,Neon,Skye
Split,Omen,Clove,Jett,Reyna,Sage
Split,Viper,Iso,Clove,Reyna,Skye
Split,Viper,Clove,Sage,Jett,Reyna
Split,Astra,Deadlock,Clove,Jett,Neon
Split,Viper,Reyna,Clove,Jett,Cypher
Split,Harbor,Clove,Sage,Reyna,Jett
Split,Astra,Clove,Deadlock,Reyna,Sage
Split,Omen,Clove,Sova,Cypher,Reyna
Split,Brimstone,Clove,Jett,Reyna,Skye
Split,Viper,Clove,Killjoy,Iso,Sage
Split,Clove,Jett,Neon,Deadlock,Chamber
Split,Viper,Clove,Jett,Reyna,Tejo
Split,Astra,Clove,Sage,Deadlock,Reyna
Split,Harbor,Reyna,Jett,Clove,Sova
Split,Omen,Clove,Cypher,Deadlock,Reyna
Split,Astra,Clove,Reyna,Jett,Killjoy
Pearl,Astra,Clove,Jett,Reyna,Deadlock
Pearl,Astra,Clove,Jett,Reyna,Killjoy
Pearl,Harbor,Reyna,Clove,Jett,Deadlock
Pearl,Clove,Reyna,Cypher,Jett,Deadlock
Pearl,Harbor,Sage,Reyna,Jett,Clove
Pearl,Harbor,Clove,Jett,Neon,Sage
Pearl,Brimstone,Clove,Jett,Killjoy,Reyna
Pearl,Viper,Jett,Reyna,Clove,Tejo
Pearl,Clove,Jett,Sage,Reyna,Deadlock
Pearl,Brimstone,Clove,Jett,Sage,Skye
Pearl,Harbor,Clove,Jett,Sage,Deadlock
Pearl,Omen,Clove,Sage,Jett,Deadlock
Pearl,Brimstone,Reyna,Clove,Jett,Deadlock
Pearl,Astra,Clove,Reyna,Cypher,Sage
Pearl,Astra,Reyna,Clove,Jett,Sova
Pearl,Harbor,Clove,Sova,Sage,Neon
Pearl,Brimstone,Clove,Reyna,Sage,Jett
Pearl,Viper,Clove,Jett,Raze,Cypher
Pearl,Omen,Clove,Reyna,Jett,Sage
Pearl,Astra,Clove,Jett,Sage,Cypher
Pearl,Clove,Jett,Neon,Deadlock,Sage
Pearl,Clove,Reyna,Sage,Jett,Chamber
Pearl,Clove,Reyna,Sage,Cypher,Jett
Pearl,Viper,Jett,Clove,Reyna,Deadlock
Pearl,Omen,Reyna,Clove,Deadlock,Sova
Pearl,Harbor,Clove,Reyna,Sage,Cypher
Pearl,Astra,Clove,Cypher,Jett,Deadlock
Pearl,Omen,Neon,Clove,Jett,Sage
Pearl,Brimstone,Reyna,Clove,Cypher,Deadlock
Pearl,Omen,Jett,Clove,Sage,Sova
Pearl,Clove,Jett,Reyna,Cypher,Gekko
Pearl,Brimstone,Clove,Reyna,Neon,Sage
Pearl,Harbor,Clove,Deadlock,Sage,Jett
Pearl,Brimstone,Jett,Clove,Deadlock,Sova
Pearl,Omen,Clove,Iso,Reyna,Sage
Pearl,Brimstone,Deadlock,Clove,Jett,Neon
Pearl,Viper,Clove,Cypher,Deadlock,Jett
Pearl,Harbor,Jett,Clove,Phoenix,Chamber
Pearl,Harbor,Clove,Deadlock,Jett,Reyna
Pearl,Harbor,Deadlock,Clove,Jett,Reyna
Pearl,Harbor,Clove,Jett,Cypher,Deadlock
Pearl,Omen,Clove,Deadlock,Sage,Neon
Pearl,Omen,Clove,Reyna,Deadlock,Sage
Pearl,Viper,Clove,Jett,Deadlock,Reyna
Pearl,Astra,Clove,Jett,Deadlock,Breach
Pearl,Brimstone,Clove,Jett,Sage,Killjoy
Pearl,Omen,Jett,Clove,Deadlock,Reyna
Pearl,Brimstone,Clove,Reyna,Jett,Sage
Pearl,Clove,Jett,Reyna,Sage,Chamber
Pearl,Astra,Reyna,Jett,Clove,Deadlock
Pearl,Brimstone,Sova,Reyna,Clove,Sage
Pearl,Harbor,Clove,Tejo,Reyna,Jett
Pearl,Harbor,Reyna,Clove,Jett,Sage
Pearl,Brimstone,Sage,Clove,Deadlock,Jett
Pearl,Astra,Clove,Deadlock,Reyna,Jett
Pearl,Viper,Clove,Jett,Deadlock,Sage
Pearl,Astra,Clove,Cypher,Reyna,Tejo
Pearl,Viper,Clove,Deadlock,Tejo,Jett
Pearl,Harbor,Reyna,Clove,Jett,Deadlock
Pearl,Clove,Jett,Deadlock,Sage,Phoenix
Pearl,Astra,Clove,Reyna,Jett,Deadlock
Pearl,Brimstone,Clove,Reyna,Jett,Vyse
Pearl,Harbor,Clove,Jett,Deadlock,Reyna
Pearl,Viper,Neon,Clove,Cypher,Killjoy
Pearl,Clove,Jett,Reyna,Viper,Deadlock
Pearl,Viper,Clove,Jett,Reyna,Sova
Pearl,Astra,Clove,Jett,Reyna,Sage
Pearl,Viper,Clove,Breach,Reyna,Jett
Pearl,Clove,Jett,Deadlock,Reyna,Sage
Pearl,Viper,Clove,Jett,Sage,Tejo
Pearl,Astra,Clove,Jett,Sage,Deadlock
Pearl,Astra,Clove,Reyna,Jett,Deadlock
Pearl,Astra,Clove,Reyna,Sova,Cypher
Pearl,Clove,Reyna,Jett,Sova,Chamber
Pearl,Brimstone,Clove,Jett,Reyna,Sage
Pearl,Brimstone,Reyna,Jett,Clove,Sage
Pearl,Brimstone,Deadlock,Clove,Reyna,Sage
Pearl,Viper,Reyna,Clove,Jett,Tejo
Pearl,Omen,Clove,Jett,Reyna,Deadlock
Pearl,Omen,Clove,Jett,Reyna,Deadlock
Pearl,Harbor,Jett,Clove,Reyna,Killjoy
Pearl,Brimstone,Sage,Clove,Jett,Deadlock
Pearl,Omen,Jett,Clove,Reyna,Cypher
Pearl,Harbor,Reyna,Clove,Sage,Deadlock
Pearl,Viper,Reyna,Clove,Jett,Sova
Pearl,Harbor,Clove,Jett,Cypher,Deadlock
Pearl,Brimstone,Clove,Reyna,Deadlock,Jett
Pearl,Harbor,Jett,Deadlock,Clove,Reyna
Pearl,Clove,Jett,Deadlock,Reyna,Sage
Pearl,Brimstone,Clove,Tejo,Jett,Reyna
Pearl,Brimstone,Reyna,Jett,Clove,Sage
Pearl,Astra,Clove,Deadlock,Jett,Reyna
Pearl,Astra,Clove,Neon,Jett,Chamber
Pearl,Clove,Neon,Jett,Deadlock,Fade
Pearl,Harbor,Clove,Neon,Sage,Phoenix
Pearl,Clove,Reyna,Deadlock,Jett,Sage
Pearl,Harbor,Clove,Sage,Jett,Reyna
Pearl,Harbor,Reyna,Clove,Cypher,Jett
Pearl,Astra,Clove,Sage,Deadlock,Neon
Pearl,Omen,Clove,Jett,Sage,Deadlock
Pearl,Astra,Clove,Deadlock,Sova,Jett
Pearl,Harbor,Clove,Jett,Sage,Breach
Pearl,Clove,Reyna,Sage,Jett,Deadlock
Pearl,Omen,Clove,Breach,Jett,Cypher
Pearl,Viper,Clove,Fade,Sage,Deadlock
Pearl,Brimstone,Reyna,Iso,Clove,Deadlock
Pearl,Astra,Clove,Neon,Jett,Killjoy
Pearl,Harbor,Deadlock,Clove,Jett,Reyna
Pearl,Omen,Sage,Clove,Deadlock,Neon
Pearl,Omen,Clove,Jett,Deadlock,Neon
Pearl,Harbor,Reyna,Jett,Clove,Sage
Pearl,Clove,Reyna,Deadlock,Jett,Sage
Pearl,Omen,Clove,Reyna,Jett,Sova
Pearl,Clove,Reyna,Sage,Jett,Vyse
Pearl,Astra,Clove,Jett,Reyna,Cypher
Pearl,Viper,Clove,Jett,Sage,Gekko
Pearl,Omen,Jett,Clove,Reyna,Sage
Pearl,Omen,Clove,Deadlock,Cypher,Jett
Pearl,Harbor,Clove,Jett,Cypher,Phoenix
Pearl,Omen,Clove,Sage,Jett,Deadlock
Pearl,Omen,Clove,Jett,Reyna,Deadlock
Pearl,Omen,Clove,Reyna,Jett,Deadlock
Pearl,Astra,Jett,Clove,Sage,Reyna
Pearl,Harbor,Clove,Jett,Reyna,Deadlock
Pearl,Clove,Jett,Sage,Deadlock,Reyna
Pearl,Omen,Jett,Deadlock,Clove,Reyna
Pearl,Omen,Clove,Reyna,Sova,Jett
Pearl,Clove,Sage,Jett,Phoenix,Cypher
Pearl,Omen,Clove,Jett,Sage,Deadlock
Pearl,Brimstone,Deadlock,Clove,Tejo,Neon
Pearl,Astra,Jett,Clove,Reyna,Deadlock
Pearl,Clove,Jett,Deadlock,Chamber,Reyna
Pearl,Omen,Cypher,Clove,Jett,Neon
Pearl,Astra,Clove,Reyna,Jett,Deadlock
Pearl,Brimstone,Jett,Clove,Sage,Deadlock
Pearl,Clove,Jett,Reyna,Brimstone,Sage
Pearl,Brimstone,Clove,Sage,Reyna,Deadlock
Pearl,Viper,Clove,Sage,Jett,Reyna
Pearl,Astra,Clove,Jett,Deadlock,Neon
Pearl,Brimstone,Clove,Jett,Sage,Chamber
Pearl,Astra,Clove,Reyna,Jett,Sage
Pearl,Viper,Reyna,Deadlock,Clove,Jett
Pearl,Harbor,Clove,Jett,Reyna,Tejo
Pearl,Astra,Clove,Jett,Sage,Deadlock
Pearl,Harbor,Reyna,Clove,Jett,Sage
Pearl,Clove,Jett,Sage,Deadlock,Neon
Pearl,Brimstone,Clove,Sage,Skye,Jett
Pearl,Brimstone,Clove,Reyna,Jett,Deadlock
Pearl,Astra,Clove,Deadlock,Jett,Reyna
Pearl,Astra,Clove,Sage,Reyna,Cypher
Pearl,Omen,Sova,Jett,Clove,Deadlock
Pearl,Brimstone,Clove,Deadlock,Reyna,Jett
Pearl,Astra,Reyna,Clove,Jett,Sova
Pearl,Clove,Sage,Jett,Deadlock,Phoenix
Pearl,Viper,Clove,Reyna,Neon,Sage
Pearl,Brimstone,Clove,Jett,Deadlock,Yoru
Pearl,Harbor,Clove,Reyna,Deadlock,Jett
Pearl,Clove,Jett,Sage,Neon,Skye
Pearl,Harbor,Sage,Reyna,Jett,Deadlock
Pearl,Clove,Jett,Reyna,Sage,Chamber
Pearl,Harbor,Reyna,Clove,Deadlock,Jett
Pearl,Viper,Clove,Jett,Breach,Reyna
Pearl,Brimstone,Clove,Jett,Tejo,Reyna
Pearl,Brimstone,Jett,Clove,Cypher,Reyna
Pearl,Brimstone,Jett,Clove,Reyna,Tejo
Pearl,Harbor,Clove,Reyna,Deadlock,Sage
Pearl,Brimstone,Clove,Sage,Sova,Reyna
Pearl,Omen,Clove,Reyna,Sage,Deadlock
Pearl,Clove,Reyna,Sage,Deadlock,Breach
Pearl,Astra,Clove,Sage,Jett,Sova
Pearl,Omen,Jett,Clove,Neon,KAY/O
Pearl,Omen,Clove,Reyna,Jett,Cypher
Pearl,Brimstone,Clove,Jett,Reyna,Sage
Pearl,Brimstone,Clove,Reyna,Jett,Deadlock
Pearl,Viper,Jett,Clove,Reyna,Sage
Pearl,Viper,Reyna,Jett,Clove,Killjoy
Pearl,Omen,Clove,Reyna,Jett,Skye
Pearl,Viper,Reyna,Jett,Sage,Clove
Pearl,Clove,Jett,Reyna,Gekko,Sage
Pearl,Viper,Clove,Jett,Reyna,Deadlock
Pearl,Clove,Jett,Deadlock,Cypher,Reyna
Pearl,Viper,Clove,Sage,Deadlock,Jett
Pearl,Brimstone,Reyna,Clove,Jett,Deadlock
Pearl,Omen,Sage,Clove,Jett,Cypher
Pearl,Brimstone,Reyna,Clove,Neon,Deadlock
Pearl,Viper,Clove,Killjoy,Reyna,Deadlock
Pearl,Viper,Clove,Jett,Deadlock,Neon
Pearl,Clove,Sage,Jett,Reyna,Deadlock
Pearl,Astra,Clove,Jett,Sage,Phoenix
Pearl,Astra,Clove,Jett,Reyna,Deadlock
Pearl,Brimstone,Clove,Reyna,Deadlock,Jett
Pearl,Astra,Clove,Cypher,Reyna,Sage
Pearl,Viper,Reyna,Clove,Jett,Deadlock
Pearl,Viper,Clove,Jett,Reyna,Deadlock
Pearl,Viper,Clove,Reyna,Jett,Deadlock
Pearl,Harbor,Clove,Jett,Sage,Reyna
Pearl,Astra,Reyna,Jett,Clove,Deadlock
Pearl,Harbor,Clove,Deadlock,Jett,Sage
Pearl,Viper,Clove,Reyna,Breach,Deadlock
Pearl,Harbor,Clove,Sage,Jett,Sova
Pearl,Harbor,Clove,Reyna,Jett,Tejo
Pearl,Clove,Jett,Reyna,Sage,Cypher
Pearl,Harbor,Clove,Sage,Reyna,Fade
Pearl,Brimstone,Clove,Jett,Sage,Fade
Pearl,Harbor,Clove,Iso,Jett,Deadlock
Pearl,Omen,Jett,Clove,Deadlock,Reyna
Pearl,Brimstone,Clove,Jett,Sage,Reyna
Pearl,Viper,Reyna,Clove,Jett,Deadlock
Pearl,Omen,Clove,Iso,Reyna,Deadlock
Pearl,Omen,Jett,Clove,Cypher,Reyna
Pearl,Clove,Deadlock,Neon,Reyna,Sage
Pearl,Omen,Jett,Clove,Sage,Killjoy
Pearl,Astra,Clove,Jett,Reyna,Deadlock
Pearl,Brimstone,Clove,Reyna,Jett,Deadlock
Pearl,Brimstone,Clove,Jett,Deadlock,Reyna
Pearl,Viper,Clove,Jett,Reyna,Sova
Pearl,Harbor,Clove,Reyna,Iso,Deadlock
Pearl,Astra,Clove,Jett,Neon,Tejo
Pearl,Harbor,Deadlock,Clove,Sage,Jett
Pearl,Harbor,Jett,Clove,Sage,Deadlock
Pearl,Omen,Clove,Jett,Cypher,Yoru
Pearl,Astra,Clove,Deadlock,Sage,Jett
Pearl,Omen,Clove,Jett,Neon,Deadlock
Pearl,Brimstone,Reyna,Clove,Deadlock,Jett
Pearl,Viper,Clove,Deadlock,Cypher,Reyna
Pearl,Harbor,Clove,Jett,Reyna,Deadlock
Pearl,Brimstone,Clove,Sage,Reyna,Jett
Pearl,Omen,Jett,Clove,Reyna,Deadlock
Pearl,Clove,Reyna,Sage,Jett,Cypher
Pearl,Viper,Jett,Clove,Deadlock,Reyna
Pearl,Clove,Sage,Reyna,Cypher,Jett
Pearl,Clove,Reyna,Jett,Deadlock,Tejo
Pearl,Omen,Jett,Reyna,Clove,Sage
Pearl,Omen,Clove,Reyna,Deadlock,Neon
Pearl,Brimstone,Jett,Clove,Reyna,Deadlock
Pearl,Clove,Jett,Reyna,Sage,Fade
Pearl,Astra,Clove,Jett,Sage,Reyna
Pearl,Viper,Clove,Reyna,Sage,Jett
Pearl,Brimstone,Clove,Jett,Reyna,Deadlock
Pearl,Harbor,Clove,Sage,Deadlock,Jett
Pearl,Clove,Reyna,Jett,Sage,Deadlock
Pearl,Viper,Clove,Reyna,Jett,Deadlock
Pearl,Harbor,Sage,Clove,Reyna,Jett
Pearl,Clove,Reyna,Jett,Killjoy,Sage
Pearl,Astra,Clove,Reyna,Jett,Deadlock
Pearl,Viper,Reyna,Clove,Jett,Deadlock
Pearl,Harbor,Jett,Reyna,Deadlock,Clove
Pearl,Omen,Clove,Jett,Sage,Cypher
Pearl,Brimstone,Cypher,Clove,Jett,Raze
Pearl,Omen,Jett,Reyna,Clove,Sage
Pearl,Viper,Clove,Jett,Reyna,Sage
Pearl,Viper,Jett,Clove,Reyna,Sova
Pearl,Clove,Reyna,Jett,Sage,Tejo
Pearl,Astra,Clove,Reyna,Chamber,Jett
Pearl,Omen,Clove,Jett,Neon,Deadlock
Pearl,Viper,Reyna,Clove,Jett,Sage
Pearl,Viper,Clove,Deadlock,Reyna,Sage
Pearl,Astra,Reyna,Clove,Jett,Deadlock
Pearl,Brimstone,Jett,Clove,Fade,Reyna
Pearl,Brimstone,Jett,Reyna,Clove,Sage
Pearl,Brimstone,Clove,Sage,Sova,Reyna
Pearl,Harbor,Clove,Jett,Deadlock,Reyna
Pearl,Brimstone,Clove,Sage,Jett,Vyse
Pearl,Astra,Clove,Jett,Reyna,Tejo
Pearl,Brimstone,Clove,Neon,Iso,Sage
Pearl,Astra,Reyna,Deadlock,Clove,Tejo
Pearl,Viper,Clove,Reyna,Deadlock,Jett
Pearl,Astra,Jett,Cypher,Clove,Sova
Pearl,Brimstone,Clove,Cypher,Jett,Reyna
Pearl,Viper,Clove,Jett,Sage,Reyna
Pearl,Harbor,Clove,Reyna,Sage,Deadlock
Pearl,Clove,Phoenix,Jett,Skye,Omen
Pearl,Clove,Jett,Sage,Reyna,Cypher
Pearl,Omen,Clove,Jett,Reyna,Deadlock
Pearl,Astra,Clove,Reyna,Jett,Sage
Pearl,Omen,Reyna,Clove,Sage,Jett
Pearl,Clove,Reyna,Sage,Killjoy,Jett
Pearl,Brimstone,Reyna,Sage,Clove,Jett
Pearl,Harbor,Sova,Jett,Clove,Reyna
Pearl,Brimstone,Clove,Reyna,Deadlock,Tejo
Pearl,Astra,Deadlock,Clove,Jett,Reyna
Pearl,Brimstone,Jett,Clove,Deadlock,Reyna
Pearl,Clove,Jett,Reyna,Deadlock,Sage
Pearl,Astra,Clove,Reyna,Sage,Iso
Pearl,Astra,Clove,Reyna,Deadlock,Vyse
Pearl,Harbor,Reyna,Clove,Deadlock,Jett
Pearl,Clove,Jett,Deadlock,Tejo,Sage
Pearl,Harbor,Clove,Jett,Reyna,Sage
Pearl,Viper,Reyna,Jett,Clove,Sage
Pearl,Harbor,Jett,Clove,Reyna,Fade
Pearl,Viper,Clove,Jett,Reyna,Deadlock
Pearl,Brimstone,Clove,Deadlock,Jett,Neon
Pearl,Viper,Jett,Clove,Sage,Reyna
Pearl,Astra,Jett,Phoenix,Clove,Sage
Pearl,Harbor,Clove,Jett,Deadlock,Reyna
Pearl,Omen,Reyna,Jett,Clove,Deadlock
Pearl,Clove,Jett,Reyna,Sage,Chamber
Pearl,Harbor,Sage,Clove,Jett,Cypher
Pearl,Omen,Clove,Jett,Deadlock,Yoru
Pearl,Brimstone,Clove,Jett,Deadlock,Chamber
Fracture,Clove,Jett,Reyna,Sage,Deadlock
Fracture,Brimstone,Reyna,Clove,Sage,Jett
Fracture,Omen,Clove,Neon,Jett,Deadlock
Fracture,Clove,Deadlock,Phoenix,Reyna,Chamber
Fracture,Brimstone,Clove,Killjoy,Neon,Sage
Fracture,Astra,Clove,Jett,Chamber,Neon
Fracture,Clove,Reyna,Jett,Cypher,Deadlock
Fracture,Harbor,Jett,Clove,Sage,Deadlock
Fracture,Viper,Clove,Reyna,Jett,Deadlock
Fracture,Viper,Clove,Reyna,Jett,Cypher
Fracture,Omen,Clove,Sova,Jett,Sage
Fracture,Omen,Reyna,Sage,Clove,Jett
Fracture,Astra,Clove,Reyna,Fade,Jett
Fracture,Harbor,Clove,Sage,Reyna,Deadlock
Fracture,Omen,Clove,Reyna,Jett,Deadlock
Fracture,Astra,Clove,Phoenix,Sage,Jett
Fracture,Viper,Clove,Jett,Cypher,Sage
Fracture,Astra,Clove,Reyna,Sage,Jett
Fracture,Brimstone,Clove,Jett,Reyna,Sage
Fracture,Harbor,Clove,Jett,Breach,Sage
Fracture,Clove,Jett,Deadlock,Reyna,Sage
Fracture,Harbor,Clove,Reyna,Deadlock,Neon
Fracture,Clove,Jett,Sova,Chamber,Deadlock
Fracture,Viper,Clove,Jett,Neon,Deadlock
Fracture,Omen,Clove,Jett,Reyna,Deadlock
Fracture,Viper,Clove,Jett,Reyna,Deadlock
Fracture,Brimstone,Clove,Reyna,Deadlock,Jett
Fracture,Omen,Sage,Clove,Cypher,Reyna
Fracture,Clove,Deadlock,Jett,Neon,Chamber
Fracture,Harbor,Clove,Jett,Sage,Reyna
Fracture,Astra,Clove,Neon,Jett,Deadlock
Fracture,Clove,Reyna,Deadlock,Sage,Jett
Fracture,Brimstone,Clove,Reyna,Cypher,Jett
Fracture,Clove,Reyna,Deadlock,Sova,Sage
Fracture,Clove,Jett,Deadlock,Reyna,Sage
Fracture,Brimstone,Clove,Reyna,Sage,Jett
Fracture,Viper,Clove,Reyna,Jett,Sova
Fracture,Astra,Clove,Deadlock,Reyna,Jett
Fracture,Clove,Jett,Reyna,Deadlock,Killjoy
Fracture,Harbor,Clove,Jett,Killjoy,Neon
Fracture,Brimstone,Clove,Reyna,Jett,Deadlock
Fracture,Brimstone,Reyna,Clove,Jett,Deadlock
Fracture,Brimstone,Jett,Clove,Reyna,Deadlock
Fracture,Clove,Jett,Reyna,Deadlock,Sage
Fracture,Clove,Cypher,Jett,Reyna,Sova
Fracture,Clove,Jett,Sova,Deadlock,Reyna
Fracture,Astra,Clove,Reyna,Jett,Sage
Fracture,Omen,Reyna,Clove,Jett,Breach
Fracture,Brimstone,Clove,Reyna,Deadlock,Jett
Fracture,Brimstone,Reyna,Jett,Deadlock,Clove
Fracture,Omen,Reyna,Clove,Sage,Neon
Fracture,Viper,Clove,Cypher,Sage,Jett
Fracture,Clove,Jett,Sage,Deadlock,Iso
Fracture,Astra,Jett,Clove,Reyna,Cypher
Fracture,Clove,Deadlock,Sage,Reyna,Jett
Fracture,Viper,Clove,Cypher,Deadlock,Reyna
Fracture,Omen,Clove,Deadlock,Reyna,Cypher
Fracture,Harbor,Clove,Deadlock,Jett,Sova
Fracture,Astra,Jett,Clove,Deadlock,Reyna
Fracture,Harbor,Clove,Sova,Jett,Reyna
Fracture,Brimstone,Clove,Skye,Jett,Killjoy
Fracture,Omen,Clove,Deadlock,Jett,Reyna
Fracture,Omen,Clove,Jett,Reyna,Chamber
Fracture,Brimstone,Jett,Clove,Reyna,Sage
Fracture,Viper,Clove,Jett,Deadlock,Killjoy
Fracture,Omen,Clove,Jett,Sage,Deadlock
Fracture,Harbor,Clove,Sage,Jett,Deadlock
Fracture,Brimstone,Clove,Jett,Neon,Sage
Fracture,Clove,Jett,Reyna,Deadlock,Sage
Fracture,Omen,Clove,Jett,Deadlock,Sage
Fracture,Brimstone,Clove,Cypher,Sage,Jett
Fracture,Astra,Clove,Deadlock,Sova,Reyna
Fracture,Harbor,Clove,Jett,Deadlock,Cypher
Fracture,Harbor,Clove,Deadlock,Jett,Reyna
Fracture,Brimstone,Clove,Deadlock,Jett,Reyna
Fracture,Clove,Reyna,Jett,Sage,Gekko
Fracture,Clove,Jett,Sage,Reyna,Deadlock
Fracture,Harbor,Neon,Clove,Reyna,Fade
Fracture,Clove,Reyna,Phoenix,Cypher,Sage
Fracture,Clove,Deadlock,Jett,Reyna,Skye
Fracture,Astra,Clove,Jett,Sova,Deadlock
Fracture,Omen,Reyna,Jett,Clove,Deadlock
Fracture,Harbor,Jett,Clove,Reyna,Sage
Fracture,Viper,Clove,Sage,Jett,Neon
Fracture,Brimstone,Reyna,Clove,Jett,Sage
Fracture,Harbor,Jett,Clove,Sage,Reyna
Fracture,Brimstone,Jett,Clove,Sage,Deadlock
Fracture,Astra,Clove,Jett,Sage,Reyna
Fracture,Viper,Deadlock,Clove,Jett,Sage
Fracture,Brimstone,Clove,Reyna,Sage,Deadlock
Fracture,Harbor,Clove,Breach,Jett,Deadlock
Fracture,Clove,Reyna,Jett,Sova,Sage
Fracture,Brimstone,Clove,Reyna,Jett,Chamber
Fracture,Omen,Jett,Clove,Reyna,Deadlock
Fracture,Omen,Clove,Jett,Deadlock,Reyna
Fracture,Astra,Jett,Deadlock,Clove,Cypher
Fracture,Clove,Jett,Sova,Deadlock,Killjoy
Fracture,Omen,Sage,Reyna,Deadlock,Clove
Fracture,Clove,Neon,Omen,Jett,Deadlock
Fracture,Brimstone,Jett,Clove,Reyna,Sage
Fracture,Clove,Jett,Deadlock,Breach,Reyna
Fracture,Harbor,Sova,Clove,Deadlock,Reyna
Fracture,Brimstone,Clove,Jett,Deadlock,Killjoy
Fracture,Astra,Clove,Jett,Neon,Sage
Fracture,Brimstone,Clove,Jett,Reyna,Sage
Fracture,Omen,Clove,Sage,Deadlock,Jett
Fracture,Harbor,Clove,Sage,Jett,Neon
Fracture,Clove,Sova,Sage,Deadlock,Reyna
Fracture,Harbor,Jett,Clove,Tejo,Chamber
Fracture,Omen,Clove,Jett,Sage,Neon
Fracture,Astra,Sage,Jett,Clove,Reyna
Fracture,Omen,Clove,Reyna,Jett,Sova
Fracture,Viper,Clove,Deadlock,Jett,Fade
Fracture,Brimstone,Clove,Reyna,Jett,Chamber
Fracture,Viper,Jett,Sage,Clove,Deadlock
Fracture,Omen,Clove,Jett,Deadlock,Sova
Fracture,Astra,Clove,Sage,Iso,Jett
Fracture,Omen,Jett,Clove,Breach,Reyna
Fracture,Astra,Reyna,Cypher,Deadlock,Clove
Fracture,Clove,Deadlock,Jett,Reyna,Fade
Fracture,Harbor,Clove,Jett,Reyna,Sage
Fracture,Clove,Killjoy,Jett,Neon,Sage
Fracture,Astra,Clove,Reyna,Jett,Deadlock
Fracture,Brimstone,Clove,Reyna,Jett,Gekko
Fracture,Harbor,Clove,Sage,Reyna,Jett
Fracture,Astra,Clove,Deadlock,Jett,Phoenix
Fracture,Viper,Clove,Sage,Neon,Killjoy
Fracture,Viper,Clove,Sage,Reyna,Deadlock
Fracture,Clove,Jett,Fade,Sage,Sova
Fracture,Astra,Clove,Deadlock,Jett,Sage
Fracture,Brimstone,Clove,Reyna,Deadlock,Neon
Fracture,Astra,Clove,Jett,Neon,Tejo
Fracture,Viper,Clove,Neon,Reyna,Deadlock
Fracture,Astra,Clove,Jett,Phoenix,Sage
Fracture,Viper,Jett,Clove,Sage,Reyna
Fracture,Astra,Clove,Jett,Neon,Sage
Fracture,Harbor,Clove,Phoenix,Reyna,Tejo
Fracture,Brimstone,Clove,Sage,Reyna,Jett
Fracture,Clove,Jett,Reyna,Sova,Chamber
Fracture,Omen,Jett,Reyna,Clove,Cypher
Fracture,Clove,Jett,Reyna,Cypher,Deadlock
Fracture,Viper,Clove,Reyna,Deadlock,Sage
Fracture,Omen,Reyna,Clove,Jett,Sage
Fracture,Brimstone,Clove,Jett,Sage,Sova
Fracture,Astra,Clove,Jett,Sage,Reyna
Fracture,Brimstone,Jett,Clove,Killjoy,Neon
Fracture,Clove,Jett,Sage,Reyna,Omen
Fracture,Brimstone,Deadlock,Jett,Reyna,Clove
Fracture,Brimstone,Jett,Clove,Sage,Reyna
Fracture,Harbor,Clove,Reyna,Jett,Deadlock
Fracture,Astra,Clove,Jett,Deadlock,Sage
Fracture,Viper,Clove,Reyna,Deadlock,Jett
Fracture,Clove,Jett,Sova,Deadlock,Sage
Fracture,Astra,Clove,Jett,Sova,Reyna
Fracture,Clove,Jett,Reyna,Deadlock,Gekko
Fracture,Brimstone,Deadlock,Clove,Reyna,Jett
Fracture,Omen,Jett,Clove,Reyna,Sage
Fracture,Harbor,Deadlock,Jett,Reyna,Clove
Fracture,Omen,Jett,Sage,Clove,Sova
Fracture,Brimstone,Reyna,Jett,Clove,Breach
Fracture,Brimstone,Clove,Deadlock,Sage,Jett
Fracture,Astra,Clove,Breach,Deadlock,Tejo
Fracture,Astra,Clove,Neon,Sage,Reyna
Fracture,Clove,Deadlock,Jett,Sova,Reyna
Fracture,Clove,Reyna,Deadlock,Jett,Chamber
Fracture,Astra,Clove,Reyna,Jett,Sage
Fracture,Omen,Clove,Jett,Sage,Reyna
Fracture,Omen,Clove,Jett,Neon,Chamber
Fracture,Omen,Deadlock,Sage,Clove,Yoru
Fracture,Clove,Sage,Jett,Reyna,Breach
Fracture,Viper,Clove,Jett,Reyna,Sage
Fracture,Clove,Neon,Jett,Deadlock,Sage
Fracture,Omen,Clove,Sage,Jett,Reyna
Fracture,Omen,Reyna,Clove,Sage,Jett
Fracture,Harbor,Clove,Reyna,Jett,Fade
Fracture,Brimstone,Reyna,Clove,Killjoy,Deadlock
Fracture,Omen,Jett,Clove,Deadlock,Reyna
Fracture,Brimstone,Jett,Reyna,Clove,Deadlock
Fracture,Omen,Jett,Clove,Neon,Sage
Fracture,Viper,Reyna,Clove,Jett,Sage
Fracture,Astra,Clove,Deadlock,Jett,Neon
Fracture,Astra,Clove,Reyna,Sage,Jett
Fracture,Clove,Reyna,Sage,Jett,Fade
Fracture,Viper,Jett,Sage,Deadlock,Clove
Fracture,Brimstone,Reyna,Clove,Sage,Deadlock
Fracture,Clove,Jett,Sage,Reyna,Deadlock
Fracture,Omen,Sage,Clove,Jett,Deadlock
Fracture,Brimstone,Reyna,Clove,Sage,Jett
Fracture,Astra,Clove,Reyna,Deadlock,Breach
Fracture,Clove,Sage,Reyna,Jett,Deadlock
Fracture,Harbor,Jett,Clove,Reyna,Deadlock
Fracture,Harbor,Clove,Sage,Neon,Jett
Fracture,Astra,Deadlock,Clove,Chamber,Jett
Fracture,Omen,Clove,Tejo,Reyna,Deadlock
Fracture,Clove,Jett,Sage,Reyna,Deadlock
Fracture,Clove,Deadlock,Jett,Iso,Killjoy
Fracture,Brimstone,Jett,Clove,Neon,Skye
Fracture,Harbor,Clove,Deadlock,Jett,KAY/O
Fracture,Astra,Reyna,Clove,Neon,Deadlock
Fracture,Astra,Jett,Clove,Deadlock,Neon
Fracture,Clove,Reyna,Jett,Sage,Killjoy
Fracture,Astra,Reyna,Clove,Sage,Deadlock
Fracture,Omen,Clove,Jett,Reyna,Cypher
Fracture,Brimstone,Jett,Clove,Deadlock,Reyna
Fracture,Viper,Clove,Sage,Jett,Iso
Fracture,Harbor,Clove,Jett,Killjoy,Sage
Fracture,Viper,Clove,Jett,Neon,Deadlock
Fracture,Astra,Clove,Skye,Killjoy,Reyna
Fracture,Omen,Deadlock,Clove,Jett,Neon
Fracture,Harbor,Clove,Reyna,Deadlock,Jett
Fracture,Harbor,Clove,Jett,Sage,Reyna
Fracture,Astra,Clove,Jett,Reyna,Cypher
Fracture,Astra,Clove,Reyna,Jett,Deadlock
Fracture,Harbor,Clove,Reyna,Sova,Jett
Fracture,Harbor,Clove,Jett,Deadlock,Reyna
Fracture,Brimstone,Jett,Clove,Reyna,Deadlock
Fracture,Harbor,Clove,Jett,Deadlock,Sage
Fracture,Brimstone,Clove,Jett,Deadlock,Neon
Fracture,Brimstone,Clove,Jett,Reyna,Sage
Fracture,Astra,Clove,Sage,Phoenix,Neon
Fracture,Brimstone,Jett,Clove,Deadlock,Reyna
Fracture,Astra,Jett,Clove,Neon,Sage
Fracture,Harbor,Clove,Jett,Cypher,Sage
Fracture,Harbor,Jett,Reyna,Clove,Chamber
Fracture,Omen,Clove,Jett,Cypher,Reyna
Fracture,Harbor,Clove,Jett,Neon,Sage
Fracture,Omen,Reyna,Jett,Clove,Sova
Fracture,Viper,Clove,Jett,Reyna,Deadlock
Fracture,Brimstone,Cypher,Clove,Deadlock,Jett
Fracture,Omen,Clove,Jett,Deadlock,Neon
Fracture,Clove,Sova,Cypher,Sage,Reyna
Fracture,Omen,Clove,Reyna,Gekko,Jett
Fracture,Clove,Deadlock,Jett,Reyna,Breach
Fracture,Harbor,Jett,Reyna,Clove,Deadlock
Fracture,Harbor,Reyna,Clove,Chamber,Neon
Fracture,Brimstone,Clove,Jett,Deadlock,Neon
Fracture,Astra,Jett,Reyna,Clove,Gekko
Fracture,Omen,Clove,Deadlock,Jett,Reyna
Fracture,Brimstone,Clove,Iso,Deadlock,Chamber
Fracture,Astra,Jett,Reyna,Clove,Sage
Fracture,Omen,Jett,Clove,Reyna,Sage
Fracture,Harbor,Clove,Sage,KAY/O,Reyna
Fracture,Clove,Deadlock,Tejo,Reyna,Cypher
Fracture,Omen,Clove,Neon,Jett,Deadlock
Fracture,Omen,Reyna,Clove,Jett,Chamber
Fracture,Clove,Reyna,Deadlock,Cypher,Jett
Fracture,Omen,Clove,Jett,Reyna,Sage
Fracture,Brimstone,Deadlock,Clove,Reyna,Neon
Fracture,Harbor,Jett,Clove,Reyna,Sage
Fracture,Harbor,Clove,Jett,Sova,Cypher
Fracture,Viper,Jett,Reyna,Clove,Deadlock
Fracture,Omen,Clove,Jett,Neon,Deadlock
Fracture,Viper,Clove,Jett,Sage,Chamber
Fracture,Clove,Reyna,Neon,Sage,Deadlock
Fracture,Astra,Reyna,Neon,Clove,Deadlock
Fracture,Viper,Tejo,Clove,Killjoy,Reyna
Fracture,Omen,Clove,Reyna,Jett,Sage
Fracture,Viper,Clove,Sage,Deadlock,Jett
Fracture,Brimstone,Neon,Deadlock,Clove,Iso
Fracture,Harbor,Clove,Reyna,Jett,Deadlock
Fracture,Astra,Clove,Reyna,Deadlock,Neon
Fracture,Viper,Clove,Jett,Deadlock,Neon
Fracture,Clove,Jett,Deadlock,Reyna,Sage
Fracture,Astra,Clove,Jett,Reyna,Fade
Fracture,Omen,Clove,Reyna,Sova,Neon
Fracture,Clove,Reyna,Jett,Sova,Vyse
Fracture,Viper,Reyna,Deadlock,Clove,Chamber
Fracture,Harbor,Sage,Jett,Clove,Reyna
Fracture,Omen,Jett,Clove,Sage,Killjoy
Fracture,Harbor,Clove,Jett,Deadlock,Neon
Fracture,Omen,Skye,Jett,Clove,Reyna
Fracture,Omen,Clove,Sage,Jett,Reyna
Fracture,Astra,Clove,Jett,Vyse,Reyna
Fracture,Brimstone,Clove,Sage,Reyna,Jett
Fracture,Astra,Reyna,Clove,Deadlock,Neon
Fracture,Harbor,Clove,Jett,Deadlock,Reyna
Fracture,Viper,Clove,Jett,Iso,Deadlock
Fracture,Astra,Clove,Phoenix,Reyna,Sage
Fracture,Harbor,Deadlock,Clove,Phoenix,Jett
Fracture,Harbor,Clove,Jett,Phoenix,Sage
Fracture,Harbor,Reyna,Clove,Jett,Cypher
Fracture,Astra,Clove,Deadlock,Jett,Reyna
Fracture,Omen,Clove,Jett,Reyna,Chamber
Fracture,Viper,Clove,Jett,Reyna,Deadlock
Fracture,Harbor,Clove,Reyna,Sage,Neon
Fracture,Harbor,Clove,Neon,Jett,Deadlock
Fracture,Viper,Clove,Deadlock,Jett,Cypher
Fracture,Clove,Killjoy,Reyna,Sage,Tejo
Fracture,Harbor,Clove,Jett,Reyna,Deadlock
Fracture,Viper,Clove,Sage,Reyna,Jett
Fracture,Viper,Jett,Reyna,Clove,Sage
Fracture,Clove,Jett,Sage,Chamber,Reyna
Fracture,Clove,Jett,Neon,Sage,Deadlock
Fracture,Clove,Sage,Reyna,Jett,Chamber
Fracture,Viper,Clove,Reyna,Sage,Neon
Fracture,Astra,Clove,Reyna,Jett,Sova
Fracture,Harbor,Jett,Clove,Reyna,Sage
Fracture,Brimstone,Clove,Sage,Jett,Reyna
Fracture,Brimstone,Clove,Neon,Reyna,Sage
Fracture,Astra,Sage,Jett,Clove,Neon
Abyss,Brimstone,Clove,Jett,Killjoy,Reyna
Abyss,Omen,Clove,Jett,Reyna,Sage
Abyss,Astra,Jett,Reyna,Clove,Tejo
Abyss,Viper,Clove,Reyna,Jett,Sage
Abyss,Clove,Deadlock,Reyna,Breach,Neon
Abyss,Astra,Clove,Neon,Jett,Deadlock
Abyss,Harbor,Neon,Clove,Jett,Deadlock
Abyss,Astra,Clove,Jett,Deadlock,Reyna
Abyss,Viper,Clove,Jett,Deadlock,Sage
Abyss,Omen,Clove,Jett,Neon,Deadlock
Abyss,Omen,Clove,Deadlock,Jett,Reyna
Abyss,Viper,Clove,Neon,Reyna,Cypher
Abyss,Harbor,Clove,Jett,Reyna,Cypher
Abyss,Viper,Reyna,Clove,Deadlock,Jett
Abyss,Clove,Reyna,Sage,Jett,Deadlock
Abyss,Clove,Reyna,Sage,Jett,Tejo
Abyss,Viper,Cypher,Clove,Reyna,Deadlock
Abyss,Astra,Jett,Clove,Sage,Reyna
Abyss,Brimstone,Jett,Clove,Reyna,Deadlock
Abyss,Brimstone,Clove,Jett,Tejo,Deadlock
Abyss,Omen,Clove,Sage,Jett,Gekko
Abyss,Viper,Sage,Deadlock,Clove,Jett
Abyss,Clove,Reyna,Killjoy,Sage,Jett
Abyss,Harbor,Clove,Reyna,Sage,Jett
Abyss,Omen,Jett,Clove,Reyna,Tejo
Abyss,Clove,Jett,Reyna,Sage,Breach
Abyss,Astra,Clove,Jett,Deadlock,Sage
Abyss,Astra,Jett,Clove,Cypher,Deadlock
Abyss,Astra,Clove,Jett,Deadlock,Skye
Abyss,Harbor,Jett,Clove,Reyna,Sage
Abyss,Astra,Reyna,Deadlock,Jett,Clove
Abyss,Harbor,Phoenix,Clove,Reyna,Sage
Abyss,Viper,Clove,Sage,Deadlock,Jett
Abyss,Clove,Jett,Reyna,Deadlock,Sage
Abyss,Clove,Iso,Deadlock,Neon,Killjoy
Abyss,Viper,Reyna,Clove,Tejo,Breach
Abyss,Viper,Jett,Clove,Deadlock,Reyna
Abyss,Omen,Clove,Reyna,Sage,Jett
Abyss,Omen,Clove,Deadlock,Jett,Phoenix
Abyss,Clove,Jett,Neon,Cypher,Deadlock
Abyss,Brimstone,Reyna,Clove,Deadlock,Jett
Abyss,Clove,Chamber,Sage,Jett,Reyna
Abyss,Astra,Deadlock,Clove,Fade,Reyna
Abyss,Omen,Reyna,Jett,Clove,Skye
Abyss,Clove,Reyna,Sage,Jett,Deadlock
Abyss,Astra,Reyna,Clove,Jett,Deadlock
Abyss,Brimstone,Clove,Reyna,Deadlock,Cypher
Abyss,Harbor,Clove,Deadlock,Reyna,Jett
Abyss,Omen,Clove,Reyna,Neon,Sage
Abyss,Astra,Jett,Clove,Deadlock,Sova
Abyss,Clove,Deadlock,Neon,Reyna,Sage
Abyss,Omen,Jett,Clove,Deadlock,Cypher
Abyss,Harbor,Clove,Jett,Reyna,Deadlock
Abyss,Omen,Jett,Killjoy,Clove,Tejo
Abyss,Harbor,Jett,Sage,Clove,Vyse
Abyss,Clove,Jett,Reyna,Deadlock,Skye
Abyss,Omen,Jett,Clove,Reyna,Sage
Abyss,Clove,Reyna,Deadlock,Jett,Cypher
Abyss,Harbor,Clove,Jett,Deadlock,Sage
Abyss,Astra,Jett,Clove,Reyna,Gekko
Abyss,Viper,Deadlock,Clove,Jett,Sage
Abyss,Brimstone,Clove,Jett,Reyna,Deadlock
Abyss,Astra,Reyna,Jett,Deadlock,Clove
Abyss,Astra,Clove,Jett,Sage,Reyna
Abyss,Viper,Clove,Reyna,Deadlock,Jett
Abyss,Viper,Clove,Sage,Reyna,Jett
Abyss,Astra,Jett,Clove,Cypher,Sage
Abyss,Harbor,Clove,Sage,Deadlock,Reyna
Abyss,Omen,Clove,Jett,Reyna,Breach
Abyss,Clove,Iso,Sage,Neon,Deadlock
Abyss,Omen,Clove,Jett,Deadlock,Reyna
Abyss,Clove,Jett,Neon,Deadlock,Killjoy
Abyss,Harbor,Clove,Jett,Neon,Chamber
Abyss,Brimstone,Clove,Deadlock,Jett,Reyna
Abyss,Clove,Sage,Reyna,Deadlock,Jett
Abyss,Brimstone,Clove,Jett,Neon,Sova
Abyss,Astra,Reyna,Clove,Sage,Jett
Abyss,Harbor,Clove,Jett,Reyna,Sage
Abyss,Omen,Deadlock,Clove,Jett,Fade
Abyss,Clove,Phoenix,Deadlock,Jett,Skye
Abyss,Clove,Deadlock,Jett,Sage,Reyna
Abyss,Clove,Jett,Neon,Deadlock,Sova
Abyss,Harbor,Clove,Jett,Sage,Reyna
Abyss,Astra,Clove,Sova,Deadlock,Jett
Abyss,Brimstone,Jett,Reyna,Clove,Sage
Abyss,Astra,Clove,Reyna,Deadlock,Jett
Abyss,Brimstone,Clove,Jett,Reyna,Deadlock
Abyss,Clove,Reyna,Deadlock,Cypher,Jett
Abyss,Astra,Clove,Reyna,Deadlock,Jett
Abyss,Viper,Clove,Sage,Deadlock,Reyna
Abyss,Brimstone,Clove,Jett,Deadlock,Gekko
Abyss,Viper,Clove,Jett,Reyna,Deadlock
Abyss,Astra,Chamber,Clove,Jett,Killjoy
Abyss,Harbor,Clove,Jett,Reyna,Deadlock
Abyss,Omen,Clove,Reyna,Jett,Sage
Abyss,Clove,Jett,Reyna,Cypher,Sova
Abyss,Clove,Reyna,Jett,Deadlock,Chamber
Abyss,Clove,Deadlock,Jett,Breach,Tejo
Abyss,Brimstone,Reyna,Clove,Deadlock,Jett
Abyss,Brimstone,Clove,Sage,Reyna,Jett
Abyss,Viper,Sage,Clove,Jett,Reyna
Abyss,Clove,Reyna,Deadlock,Jett,Fade
Abyss,Brimstone,Jett,Clove,Gekko,Cypher
Abyss,Viper,Clove,Reyna,Sage,Jett
Abyss,Astra,Clove,Reyna,Jett,Gekko
Abyss,Clove,Sage,Raze,Jett,Fade
Abyss,Harbor,Clove,Deadlock,Jett,Sage
Abyss,Astra,Clove,Deadlock,Jett,Reyna
Abyss,Harbor,Clove,Jett,Sage,Reyna
Abyss,Astra,Jett,Clove,Sage,Reyna
Abyss,Clove,Deadlock,Cypher,Jett,Reyna
Abyss,Harbor,Clove,Reyna,Jett,Sage
Abyss,Astra,Jett,Clove,Reyna,Sage
Abyss,Clove,Jett,Reyna,Deadlock,Cypher
Abyss,Astra,Clove,Reyna,Deadlock,Jett
Abyss,Astra,Reyna,Clove,Jett,Chamber
Abyss,Omen,Reyna,Clove,Sova,Phoenix
Abyss,Harbor,Clove,Jett,Reyna,Deadlock
Abyss,Viper,Clove,Reyna,Jett,Killjoy
Abyss,Brimstone,Jett,Clove,Deadlock,Sage
Abyss,Omen,Clove,Jett,Deadlock,Breach
Abyss,Harbor,Clove,Jett,Reyna,Tejo
Abyss,Clove,Sage,Jett,Deadlock,Reyna
Abyss,Clove,Deadlock,Reyna,Jett,Cypher
Abyss,Harbor,Clove,Fade,Reyna,Sova
Abyss,Viper,Reyna,Clove,Gekko,Sage
Abyss,Brimstone,Clove,Reyna,Neon,Sage
Abyss,Omen,Clove,Jett,Reyna,Sage
Abyss,Clove,Jett,Reyna,Vyse,Deadlock
Abyss,Clove,Sage,Sova,Jett,Deadlock
Abyss,Brimstone,Clove,Jett,Reyna,Deadlock
Abyss,Brimstone,Jett,Clove,Killjoy,Neon
Abyss,Viper,Clove,Jett,Deadlock,Reyna
Abyss,Astra,Clove,Jett,Killjoy,Reyna
Abyss,Astra,Clove,Reyna,Neon,Deadlock
Abyss,Brimstone,Clove,Jett,Chamber,Killjoy
Abyss,Brimstone,Clove,Jett,Deadlock,Reyna
Abyss,Astra,Clove,Sage,Neon,Reyna
Abyss,Clove,Jett,Sage,Deadlock,Fade
Abyss,Brimstone,Jett,Reyna,Clove,Sage
Abyss,Viper,Deadlock,Clove,Jett,Neon
Abyss,Viper,Reyna,Clove,Jett,Deadlock
Abyss,Omen,Clove,Jett,Sage,Neon
Abyss,Clove,Jett,Sage,Deadlock,Reyna
Abyss,Viper,Clove,Jett,Deadlock,Sage
Abyss,Omen,Clove,Reyna,Gekko,Jett
Abyss,Omen,Clove,Jett,Reyna,Sage
Abyss,Viper,Clove,Reyna,Jett,Deadlock
Abyss,Viper,Clove,Jett,Reyna,Cypher
Abyss,Clove,Sage,Jett,Deadlock,Neon
Abyss,Viper,Clove,Jett,Reyna,Deadlock
Abyss,Clove,Jett,Neon,Deadlock,Sage
Abyss,Viper,Reyna,Jett,Sage,Clove
Abyss,Harbor,Clove,Reyna,Sage,Jett
Abyss,Brimstone,Clove,Deadlock,Jett,Reyna
Abyss,Clove,Deadlock,Reyna,Neon,Gekko
Abyss,Clove,Jett,Deadlock,Reyna,Sage
Abyss,Brimstone,Clove,Reyna,Chamber,Cypher
Abyss,Omen,Clove,Jett,Deadlock,Sage
Abyss,Viper,Deadlock,Clove,Sage,Jett
Abyss,Clove,Jett,Sage,Deadlock,Reyna
Abyss,Brimstone,Clove,Reyna,Jett,Sage
Abyss,Brimstone,Clove,Cypher,Jett,Reyna
Abyss,Viper,Clove,Deadlock,Jett,Reyna
Abyss,Clove,Deadlock,Jett,Reyna,Sage
Abyss,Astra,Clove,Reyna,Jett,Cypher
Abyss,Clove,Sova,Cypher,Deadlock,Fade
Abyss,Viper,Clove,Jett,Reyna,Deadlock
Abyss,Clove,Sova,Jett,Deadlock,Sage
Abyss,Clove,Cypher,Neon,Deadlock,Reyna
Abyss,Astra,Clove,Neon,Jett,Deadlock
Abyss,Harbor,Clove,Reyna,Jett,Sage
Abyss,Astra,Clove,Reyna,Deadlock,Jett
Abyss,Omen,Clove,Reyna,Jett,Sova
Abyss,Viper,Clove,Sage,Neon,Reyna
Abyss,Harbor,Jett,Clove,Deadlock,Reyna
Abyss,Clove,Reyna,Jett,Cypher,Sage
Abyss,Viper,Sage,Clove,Reyna,Jett
Abyss,Harbor,Reyna,Clove,Yoru,Tejo
Abyss,Omen,Jett,Reyna,Clove,Deadlock
Abyss,Clove,Deadlock,Jett,Reyna,Fade
Abyss,Viper,Clove,Jett,Reyna,Deadlock
Abyss,Clove,Reyna,Sage,Neon,Chamber
Abyss,Harbor,Reyna,Deadlock,Clove,Chamber
Abyss,Omen,Clove,Reyna,Jett,Chamber
Abyss,Viper,Clove,Jett,Neon,Killjoy
Abyss,Harbor,Neon,Clove,Sage,Jett
Abyss,Astra,Jett,Clove,Sage,Deadlock
Abyss,Harbor,Clove,Jett,Reyna,Sova
Abyss,Viper,Clove,Reyna,Jett,Sage
Abyss,Omen,Clove,Sage,Jett,Deadlock
Abyss,Harbor,Clove,Deadlock,Jett,Fade
Abyss,Harbor,Clove,Jett,Deadlock,Reyna
Abyss,Viper,Clove,Jett,Sage,Deadlock
Abyss,Harbor,Jett,Clove,Sage,Deadlock
Abyss,Clove,Sage,Deadlock,Reyna,Jett
Abyss,Omen,Jett,Clove,Reyna,Tejo
Abyss,Harbor,Deadlock,Clove,Reyna,Jett
Abyss,Viper,Clove,Sage,Jett,Deadlock
Abyss,Clove,Reyna,Jett,Deadlock,Sage
Abyss,Astra,Reyna,Deadlock,Sage,Clove
Abyss,Viper,Clove,Reyna,Jett,Sage
Abyss,Astra,Clove,Jett,Reyna,Cypher
Abyss,Omen,Clove,Deadlock,Sage,Jett
Abyss,Harbor,Clove,Jett,Reyna,Sage
Abyss,Viper,Deadlock,Clove,Jett,Killjoy
Abyss,Brimstone,Clove,Jett,Sage,Chamber
Abyss,Viper,Reyna,Clove,Jett,Deadlock
Abyss,Viper,Clove,Jett,Sage,Reyna
Abyss,Viper,Clove,Deadlock,Neon,Jett
Abyss,Brimstone,Clove,Deadlock,Jett,Reyna
Abyss,Omen,Sage,Jett,Reyna,Clove
Abyss,Clove,Jett,Reyna,Cypher,Sage
Abyss,Brimstone,Clove,Reyna,Jett,Deadlock
Abyss,Harbor,Killjoy,Deadlock,Clove,Reyna
Abyss,Clove,Jett,Deadlock,Reyna,Cypher
Abyss,Astra,Clove,Deadlock,Neon,Reyna
Abyss,Astra,Reyna,Clove,Jett,Deadlock
Abyss,Omen,Reyna,Clove,Sage,Tejo
Abyss,Clove,Reyna,Jett,Sage,Sova
Abyss,Brimstone,Clove,Jett,Reyna,Sova
Abyss,Brimstone,Reyna,Jett,Clove,Sage
Abyss,Astra,Deadlock,Jett,Clove,Reyna
Abyss,Brimstone,Clove,Jett,Sage,Reyna
Abyss,Viper,Clove,Sage,Jett,Neon
Abyss,Omen,Clove,Sage,Reyna,Jett
Abyss,Brimstone,Sage,Clove,Jett,Neon
Abyss,Harbor,Clove,Jett,Iso,Sage
Abyss,Brimstone,Clove,Sage,Deadlock,Reyna
Abyss,Viper,Clove,Jett,Reyna,Deadlock
Abyss,Harbor,Clove,Deadlock,Jett,Sage
Abyss,Viper,Clove,Reyna,Sage,Jett
Abyss,Clove,Reyna,Jett,Killjoy,Deadlock
Abyss,Brimstone,Clove,Reyna,Jett,Deadlock
Abyss,Astra,Clove,Jett,Reyna,Sage
Abyss,Astra,Clove,Neon,Sage,Cypher
Abyss,Brimstone,Jett,Reyna,Clove,Gekko
Abyss,Harbor,Clove,Reyna,Sage,Jett
Abyss,Astra,Clove,Reyna,Jett,Sova
Abyss,Astra,Clove,Deadlock,Jett,Neon
Abyss,Omen,Clove,Phoenix,Reyna,Sage
Abyss,Viper,Clove,Deadlock,Jett,Tejo
Abyss,Omen,Clove,Sage,Reyna,Jett
Abyss,Omen,Jett,Reyna,Clove,Sage
Abyss,Astra,Clove,Reyna,Jett,Deadlock
Abyss,Omen,Jett,Clove,Reyna,Fade
Abyss,Astra,Clove,Jett,Sage,Sova
Abyss,Brimstone,Clove,Jett,Deadlock,Iso
Abyss,Viper,Clove,Jett,Sage,Cypher
Abyss,Brimstone,Deadlock,Clove,Jett,Sova
Abyss,Viper,Clove,Jett,Deadlock,Reyna
Abyss,Astra,Clove,Reyna,Jett,Skye
Abyss,Omen,Reyna,Clove,Deadlock,Jett
Abyss,Brimstone,Clove,Cypher,Sage,Jett
Abyss,Astra,Clove,Phoenix,Jett,Sage
Abyss,Viper,Clove,Jett,Sage,Deadlock
Abyss,Harbor,Clove,Jett,Neon,Deadlock
Abyss,Astra,Clove,Jett,Tejo,Sage
Abyss,Omen,Reyna,Sage,Clove,Deadlock
Abyss,Viper,Sage,Clove,Reyna,Jett
Abyss,Clove,Cypher,Reyna,Jett,Sage
Abyss,Harbor,Clove,Tejo,Deadlock,Reyna
Abyss,Viper,Clove,Reyna,Jett,Cypher
Abyss,Harbor,Clove,Jett,Sage,Deadlock
Abyss,Brimstone,Clove,Reyna,Sage,Jett
Abyss,Brimstone,Deadlock,Clove,Reyna,Jett
Abyss,Viper,Clove,Reyna,Jett,Deadlock
Abyss,Omen,Jett,Deadlock,Clove,Reyna
Abyss,Astra,Clove,Jett,Reyna,Gekko
Abyss,Astra,Jett,Clove,Deadlock,Sova
Abyss,Viper,Jett,Clove,Reyna,Deadlock
Abyss,Clove,Sage,Jett,Deadlock,Reyna
Abyss,Viper,Deadlock,Clove,Jett,Tejo
Abyss,Omen,Clove,Deadlock,Sage,Jett
Abyss,Brimstone,Clove,Jett,Reyna,Chamber
Abyss,Clove,Jett,Reyna,Deadlock,Killjoy
Abyss,Viper,Sage,Sova,Clove,Neon
Abyss,Astra,Clove,Neon,Deadlock,Iso
Abyss,Harbor,Clove,Reyna,Jett,Deadlock
Abyss,Clove,Jett,Reyna,Sova,Deadlock
Abyss,Omen,Clove,Reyna,Jett,Deadlock
Abyss,Brimstone,Jett,Clove,Reyna,Sova
Abyss,Brimstone,Clove,Jett,Reyna,Breach
Abyss,Clove,Breach,Jett,Reyna,Cypher
Abyss,Harbor,Clove,Neon,Jett,Sage
Abyss,Viper,Clove,Reyna,Jett,Cypher
Abyss,Harbor,Clove,Reyna,Jett,Deadlock
Abyss,Viper,Clove,Reyna,Jett,Sage
Abyss,Clove,Deadlock,Reyna,Gekko,Neon
Abyss,Viper,Clove,Sage,Jett,Sova
Abyss,Astra,Clove,Reyna,Deadlock,Sage
Abyss,Omen,Clove,Reyna,Raze,Cypher
Abyss,Harbor,Clove,Neon,Reyna,Sage
Abyss,Harbor,Reyna,Jett,Sage,Clove
Abyss,Harbor,Deadlock,Clove,Sage,Jett
Abyss,Astra,Clove,Reyna,Jett,Sage
Abyss,Brimstone,Clove,Reyna,Jett,Deadlock
Abyss,Omen,Cypher,Jett,Clove,Deadlock
Abyss,Astra,Clove,Jett,Reyna,Fade
Abyss,Harbor,Reyna,Clove,Chamber,Breach
Haven,Harbor,Jett,Reyna,Clove,Tejo
Haven,Clove,Reyna,Deadlock,Sage,Jett
Haven,Brimstone,Cypher,Jett,Clove,Reyna
Haven,Harbor,Clove,Reyna,Jett,Sage
Haven,Viper,Clove,Reyna,Chamber,Yoru
Haven,Clove,Reyna,Iso,Breach,Sage
Haven,Omen,Clove,Sage,Jett,Deadlock
Haven,Brimstone,Clove,Jett,Deadlock,Reyna
Haven,Omen,Jett,Reyna,Clove,Deadlock
Haven,Viper,Clove,Sage,Jett,Reyna
Haven,Harbor,Clove,Jett,Reyna,Sage
Haven,Clove,Tejo,Reyna,Jett,Sage
Haven,Harbor,Clove,Deadlock,Jett,Vyse
Haven,Clove,Deadlock,Jett,Sage,Reyna
Haven,Astra,Sage,Clove,Chamber,Reyna
Haven,Clove,Jett,Reyna,Deadlock,Sage
Haven,Omen,Clove,Jett,Sage,Neon
Haven,Astra,Clove,Deadlock,Reyna,Jett
Haven,Viper,Jett,Clove,Deadlock,Cypher
Haven,Omen,Clove,Tejo,Jett,Reyna
Haven,Viper,Clove,Jett,Reyna,Deadlock
Haven,Harbor,Clove,Reyna,Neon,Sage
Haven,Clove,Chamber,Breach,Jett,Reyna
Haven,Viper,Deadlock,Clove,Neon,Reyna
Haven,Harbor,Clove,Jett,Sage,Tejo
Haven,Viper,Clove,Reyna,Sage,Jett
Haven,Brimstone,Clove,Jett,Cypher,Neon
Haven,Clove,Deadlock,Jett,Skye,Reyna
Haven,Clove,Cypher,Deadlock,Jett,Reyna
Haven,Harbor,Jett,Deadlock,Clove,Neon
Haven,Harbor,Clove,Reyna,Jett,Killjoy
Haven,Brimstone,Clove,Sage,Jett,Reyna
Haven,Harbor,Reyna,Jett,Clove,Deadlock
Haven,Astra,Deadlock,Clove,Sage,Jett
Haven,Omen,Clove,Reyna,Deadlock,Sage
Haven,Omen,Clove,Sage,Cypher,Jett
Haven,Harbor,Clove,Sage,Reyna,Jett
Haven,Brimstone,Jett,Sage,Clove,Reyna
Haven,Omen,Sage,Clove,Killjoy,Gekko
Haven,Clove,Sage,Jett,Sova,Deadlock
Haven,Clove,Reyna,Neon,Sage,Deadlock
Haven,Astra,Clove,Jett,Sage,Neon
Haven,Brimstone,Deadlock,Jett,Reyna,Clove
Haven,Viper,Jett,Clove,Reyna,Deadlock
Haven,Brimstone,Jett,Sage,Clove,Reyna
Haven,Viper,Jett,Clove,Sage,Deadlock
Haven,Brimstone,Clove,Jett,Raze,Sage
Haven,Viper,Clove,Reyna,Sage,Jett
Haven,Harbor,Reyna,Clove,Jett,Tejo
Haven,Harbor,Clove,Deadlock,Jett,Reyna
Haven,Harbor,Jett,Deadlock,Clove,Skye
Haven,Clove,Neon,Sage,Deadlock,Reyna
Haven,Clove,Iso,Jett,Sage,Killjoy
Haven,Harbor,Jett,Clove,Deadlock,Reyna
Haven,Omen,Clove,Reyna,Neon,Deadlock
Haven,Clove,Jett,Reyna,Chamber,Deadlock
Haven,Clove,Jett,Phoenix,Deadlock,Breach
Haven,Astra,Clove,Jett,Deadlock,Sage
Haven,Harbor,Jett,Clove,Reyna,Deadlock
Haven,Omen,Clove,Reyna,Deadlock,Neon
Haven,Astra,Clove,Jett,Neon,Deadlock
Haven,Harbor,Clove,Reyna,Jett,Sage
Haven,Clove,Reyna,Jett,Killjoy,Cypher
Haven,Astra,Reyna,Deadlock,Sage,Clove
Haven,Clove,Jett,Neon,Deadlock,Sage
Haven,Brimstone,Deadlock,Sage,Clove,Jett
Haven,Viper,Clove,Jett,Sage,Deadlock
Haven,Omen,Clove,Jett,Sova,Deadlock
Haven,Omen,Deadlock,Clove,Reyna,Iso
Haven,Clove,Jett,Deadlock,Reyna,Fade
Haven,Harbor,Clove,Jett,Neon,Sage
Haven,Astra,Jett,Reyna,Clove,Deadlock
Haven,Viper,Jett,Clove,Reyna,Vyse
Haven,Harbor,Clove,Gekko,Reyna,Sage
Haven,Omen,Jett,Clove,Neon,Deadlock
Haven,Astra,Clove,Reyna,Jett,Cypher
Haven,Astra,Clove,Jett,Iso,Gekko
Haven,Brimstone,Clove,Jett,Reyna,Cypher
Haven,Harbor,Reyna,Jett,Clove,Sage
Haven,Omen,Clove,Deadlock,Jett,Reyna
Haven,Brimstone,Clove,Gekko,Deadlock,Jett
Haven,Astra,Deadlock,Clove,Jett,Sage
Haven,Astra,Reyna,Clove,Phoenix,Deadlock
Haven,Viper,Clove,Reyna,Deadlock,Jett
Haven,Astra,Clove,Sage,Reyna,Killjoy
Haven,Clove,Reyna,Jett,Sage,Cypher
Haven,Astra,Clove,Sage,Deadlock,Raze
Haven,Clove,Jett,Sage,Cypher,Reyna
Haven,Viper,Jett,Reyna,Clove,Fade
Haven,Omen,Jett,Clove,Deadlock,Reyna
Haven,Astra,Clove,Jett,Reyna,Deadlock
Haven,Brimstone,Jett,Reyna,Clove,Killjoy
Haven,Astra,Clove,Jett,Reyna,Deadlock
Haven,Astra,Clove,Jett,Sage,Deadlock
Haven,Viper,Clove,Jett,Sage,Phoenix
Haven,Harbor,Jett,Reyna,Clove,Deadlock
Haven,Astra,Jett,Clove,Reyna,Deadlock
Haven,Harbor,Jett,Clove,Reyna,Deadlock
Haven,Harbor,Clove,Jett,Deadlock,Fade
Haven,Harbor,Clove,Jett,Reyna,Deadlock
Haven,Astra,Clove,Jett,Reyna,Killjoy
Haven,Harbor,Clove,Sage,Jett,Phoenix
Haven,Clove,Deadlock,Cypher,Reyna,Jett
Haven,Astra,Clove,Killjoy,Tejo,Reyna
Haven,Brimstone,Jett,Clove,Tejo,Deadlock
Haven,Astra,Clove,Jett,Reyna,Chamber
Haven,Astra,Clove,Jett,Sova,Skye
Haven,Astra,Sage,Clove,Jett,Reyna
Haven,Brimstone,Clove,Deadlock,Jett,Reyna
Haven,Brimstone,Deadlock,Clove,Reyna,Chamber
Haven,Omen,Clove,Jett,Reyna,Killjoy
Haven,Omen,Reyna,Clove,Sage,Jett
Haven,Clove,Reyna,Jett,Sage,Gekko
Haven,Clove,Killjoy,Jett,Sage,Neon
Haven,Brimstone,Sage,Clove,Iso,Jett
Haven,Viper,Clove,Deadlock,Reyna,Sova
Haven,Brimstone,Clove,Jett,Cypher,Chamber
Haven,Astra,Clove,Jett,Sage,Reyna
Haven,Clove,Jett,Reyna,Deadlock,Sage
Haven,Harbor,Clove,Reyna,Jett,Sage
Haven,Viper,Reyna,Clove,Jett,Deadlock
Haven,Omen,Tejo,Clove,Sova,Jett
Haven,Clove,Jett,Cypher,Reyna,Sova
Haven,Clove,Reyna,Neon,Deadlock,Chamber
Haven,Astra,Clove,Reyna,Jett,Cypher
Haven,Omen,Jett,Clove,Deadlock,Gekko
Haven,Astra,Clove,Jett,Sage,Reyna
Haven,Omen,Reyna,Jett,Clove,Breach
Haven,Astra,Clove,Jett,Reyna,Sage
Haven,Omen,Clove,Jett,Sage,Killjoy
Haven,Brimstone,Jett,Clove,Sage,Neon
Haven,Clove,Deadlock,Sage,Phoenix,Yoru
Haven,Brimstone,Clove,Jett,Reyna,Sova
Haven,Astra,Jett,Clove,Gekko,Reyna
Haven,Astra,Clove,Breach,Jett,Killjoy
Haven,Omen,Clove,Jett,Sage,Deadlock
Haven,Harbor,Jett,Clove,Neon,Sage
Haven,Clove,Jett,Sage,Reyna,Cypher
Haven,Brimstone,Clove,Reyna,Sage,Jett
Haven,Harbor,Clove,Jett,Reyna,Cypher
Haven,Harbor,Reyna,Deadlock,Clove,Jett
Haven,Clove,Neon,Jett,Killjoy,Deadlock
Haven,Clove,Deadlock,Jett,Sage,Sova
Haven,Viper,Clove,Deadlock,Jett,Neon
Haven,Harbor,Deadlock,Jett,Sage,Clove
Haven,Clove,Reyna,Neon,Sage,Deadlock
Haven,Omen,Clove,Deadlock,Neon,Jett
Haven,Clove,Jett,Cypher,Reyna,Sova
Haven,Astra,Clove,Jett,Reyna,Deadlock
Haven,Astra,Jett,Neon,Clove,Deadlock
Haven,Omen,Reyna,Jett,Clove,Deadlock
Haven,Astra,Clove,Jett,Reyna,Sage
Haven,Viper,Deadlock,Clove,Jett,Reyna
Haven,Viper,Clove,Sage,Deadlock,Neon
Haven,Clove,Jett,Deadlock,Sage,Reyna
Haven,Clove,Reyna,Neon,Sage,Deadlock
Haven,Clove,Reyna,Jett,Deadlock,Sage
Haven,Viper,Jett,Deadlock,Reyna,Clove
Haven,Harbor,Jett,Clove,Sage,Deadlock
Haven,Viper,Clove,Reyna,Sage,Jett
Haven,Omen,Clove,Neon,Sage,Jett
Haven,Astra,Clove,Sage,Neon,Jett
Haven,Clove,Tejo,Jett,Sage,Deadlock
Haven,Viper,Neon,Clove,Reyna,Deadlock
Haven,Clove,Jett,Reyna,Deadlock,Killjoy
Haven,Astra,Clove,Jett,Deadlock,Reyna
Haven,Clove,Jett,Reyna,Deadlock,Cypher
Haven,Astra,Clove,Tejo,Reyna,Jett
Haven,Viper,Clove,Jett,Deadlock,Reyna
Haven,Clove,Jett,Reyna,Sage,Deadlock
Haven,Harbor,Clove,Reyna,Deadlock,Jett
Haven,Brimstone,Jett,Clove,Phoenix,Deadlock
Haven,Omen,Jett,Clove,Deadlock,Sage
Haven,Brimstone,Clove,Reyna,Deadlock,Jett
Haven,Viper,Clove,Reyna,Sage,Deadlock
Haven,Omen,Clove,Deadlock,Jett,Neon
Haven,Brimstone,Jett,Reyna,Cypher,Clove
Haven,Viper,Clove,Jett,Sage,Reyna
Haven,Astra,Clove,Jett,Chamber,Sage
Haven,Harbor,Clove,Deadlock,Reyna,Neon
Haven,Harbor,Jett,Clove,Skye,Sage
Haven,Brimstone,Clove,Sova,Neon,Deadlock
Haven,Clove,Deadlock,Neon,Sage,Phoenix
Haven,Viper,Clove,Jett,Deadlock,Sage
Haven,Omen,Clove,Reyna,Jett,Sage
Haven,Harbor,Clove,Sage,Deadlock,Jett
Haven,Clove,Reyna,Jett,Deadlock,Sage
Haven,Omen,Jett,Clove,Deadlock,Phoenix
Haven,Harbor,Clove,Reyna,Jett,Killjoy
Haven,Omen,Jett,Reyna,Clove,Chamber
Haven,Brimstone,Clove,Jett,Reyna,Fade
Haven,Omen,Jett,Clove,Gekko,Reyna
Haven,Viper,Clove,Jett,Reyna,Cypher
Haven,Brimstone,Jett,Clove,Reyna,Sage
Haven,Astra,Clove,Reyna,Sage,Neon
Haven,Harbor,Jett,Clove,Reyna,Sage
Haven,Astra,Jett,Clove,Tejo,Sova
Haven,Harbor,Clove,Jett,Tejo,Phoenix
Haven,Brimstone,Clove,Jett,Sage,Gekko
Haven,Brimstone,Clove,Deadlock,Neon,Jett
Haven,Clove,Jett,Gekko,Sage,Reyna
Haven,Clove,Jett,Sage,Reyna,Deadlock
Haven,Astra,Sage,Clove,Reyna,Jett
Haven,Omen,Clove,Sage,Jett,Reyna
Haven,Omen,Clove,Jett,Sage,Reyna
Haven,Harbor,Jett,Clove,Reyna,Deadlock
Haven,Omen,Clove,Jett,Reyna,Deadlock
Haven,Clove,Jett,Reyna,Sage,Killjoy
Haven,Astra,Reyna,Jett,Clove,Deadlock
Haven,Viper,Clove,Sage,Deadlock,Jett
Haven,Clove,Tejo,Sage,Jett,Cypher
Haven,Clove,Sage,Reyna,Sova,Jett
Haven,Clove,Reyna,Jett,Sage,Deadlock
Haven,Brimstone,Clove,Jett,Neon,Deadlock
Haven,Omen,Sage,Clove,Jett,Reyna
Haven,Brimstone,Clove,Reyna,Neon,Deadlock
Haven,Harbor,Jett,Clove,Cypher,Sage
Haven,Harbor,Clove,Sage,Reyna,Sova
Haven,Viper,Clove,Jett,Sova,Reyna
Haven,Viper,Clove,Jett,Sage,Sova
Haven,Clove,Jett,Reyna,Chamber,Sage
Haven,Harbor,Clove,Reyna,Neon,Cypher
Haven,Astra,Deadlock,Clove,Sova,Sage
Haven,Viper,Reyna,Clove,Deadlock,Jett
Haven,Brimstone,Jett,Clove,Reyna,Sova
Haven,Harbor,Jett,Reyna,Clove,Deadlock
Haven,Viper,Deadlock,Jett,Reyna,Clove
Haven,Omen,Clove,Killjoy,Sova,Reyna
Haven,Astra,Clove,Sage,Neon,Reyna
Haven,Brimstone,Jett,Sage,Clove,Chamber
Haven,Astra,Jett,Clove,Reyna,Sova
Haven,Brimstone,Clove,Jett,Cypher,Deadlock
Haven,Astra,Clove,Neon,Jett,Sage
Haven,Omen,Clove,Neon,Deadlock,Reyna
Haven,Harbor,Clove,Jett,Reyna,Deadlock
Haven,Astra,Clove,Reyna,Neon,Deadlock
Haven,Harbor,Jett,Clove,Deadlock,Phoenix
Haven,Brimstone,Jett,Deadlock,Clove,Reyna
Haven,Clove,Jett,Deadlock,Sage,Reyna
Haven,Clove,Jett,Reyna,Deadlock,Sage
Haven,Clove,Sage,Reyna,Deadlock,Skye
Haven,Viper,Clove,Reyna,Jett,Killjoy
Haven,Harbor,Clove,Jett,Killjoy,Reyna
Haven,Harbor,Jett,Clove,Tejo,Reyna
Haven,Harbor,Clove,Jett,Reyna,Deadlock
Haven,Omen,Clove,Sage,Deadlock,Reyna
Haven,Astra,Deadlock,Clove,Reyna,Skye
Haven,Brimstone,Clove,Jett,Reyna,Sage
Haven,Omen,Clove,Jett,Reyna,Deadlock
Haven,Clove,Reyna,Jett,Sova,Sage
Haven,Astra,Jett,Reyna,Deadlock,Clove
Haven,Astra,Clove,Jett,Sage,Tejo
Haven,Clove,Deadlock,Reyna,Jett,Cypher
Haven,Omen,Clove,Jett,Reyna,Deadlock
Haven,Clove,Neon,Jett,Sage,Gekko
Haven,Omen,Clove,Sage,Reyna,Neon
Haven,Harbor,Clove,Reyna,Sage,Jett
Haven,Harbor,Clove,Jett,Reyna,Sage
Haven,Astra,Clove,Chamber,Jett,Reyna
Haven,Clove,Deadlock,Reyna,Cypher,Jett
Haven,Brimstone,Clove,Reyna,Jett,Deadlock
Haven,Astra,Clove,Jett,Neon,Sova
Haven,Viper,Jett,Clove,Reyna,Cypher
Haven,Omen,Clove,Jett,Sage,Reyna
Haven,Brimstone,Clove,Reyna,Jett,Chamber
Haven,Harbor,Jett,Clove,Sage,Deadlock
Haven,Viper,Clove,Reyna,Jett,Deadlock
Haven,Clove,Neon,Cypher,Deadlock,Jett
Haven,Clove,Jett,Reyna,Cypher,Deadlock
Haven,Viper,Jett,Clove,Iso,Sage
Haven,Omen,Sage,Jett,Clove,Skye
Haven,Omen,Clove,Reyna,Deadlock,Chamber
Haven,Viper,Clove,Jett,Cypher,Sage
Haven,Harbor,Jett,Clove,Reyna,Cypher
Haven,Omen,Clove,Sage,Jett,Deadlock
Haven,Harbor,Clove,Jett,Reyna,Fade
Haven,Viper,Clove,Chamber,Deadlock,Jett
Haven,Clove,Jett,Deadlock,Reyna,Sage
Haven,Brimstone,Jett,Clove,Reyna,Sage
Haven,Viper,Neon,Clove,Deadlock,Jett
Haven,Omen,Jett,Reyna,Clove,Cypher
Haven,Harbor,Deadlock,Clove,Jett,Sage
Haven,Viper,Clove,Jett,Sage,Neon
Haven,Viper,Jett,Clove,Reyna,Cypher
Haven,Viper,Clove,Jett,Sage,Reyna
Haven,Clove,Reyna,Deadlock,Cypher,Jett
Haven,Clove,Jett,Reyna,Deadlock,Sova
Haven,Brimstone,Clove,Deadlock,Jett,Reyna
Haven,Omen,Clove,Reyna,Jett,Sova
Haven,Clove,Deadlock,Jett,Cypher,Reyna
Haven,Brimstone,Reyna,Jett,Deadlock,Clove
Haven,Clove,Reyna,Deadlock,Sova,Jett
Haven,Astra,Clove,Sage,Reyna,Neon
Haven,Astra,Clove,Reyna,Jett,Deadlock
Haven,Viper,Deadlock,Clove,Jett,Chamber
Haven,Clove,Jett,Sage,Reyna,Deadlock
Haven,Astra,Clove,Jett,Deadlock,Reyna
Haven,Brimstone,Clove,Reyna,Jett,Deadlock
Haven,Astra,Clove,Reyna,Cypher,Neon
Haven,Astra,Clove,Jett,Deadlock,Sage
Bind,Clove,Sage,Jett,Cypher,Reyna
Bind,Viper,Reyna,Clove,Jett,Deadlock
Bind,Brimstone,Clove,Jett,Reyna,Killjoy
Bind,Clove,Reyna,Jett,Cypher,Deadlock
Bind,Viper,Jett,Reyna,Clove,Sage
Bind,Viper,Jett,Clove,Deadlock,Reyna
Bind,Astra,Reyna,Clove,Deadlock,Jett
Bind,Omen,Clove,Jett,Neon,Breach
Bind,Omen,Jett,Clove,Reyna,Sage
Bind,Omen,Jett,Clove,Sage,Neon
Bind,Brimstone,Clove,Jett,Deadlock,Sage
Bind,Harbor,Clove,Reyna,Killjoy,Jett
Bind,Brimstone,Jett,Clove,Reyna,Killjoy
Bind,Brimstone,Clove,Jett,Reyna,Sage
Bind,Brimstone,Jett,Clove,Reyna,Deadlock
Bind,Harbor,Jett,Clove,Raze,Deadlock
Bind,Brimstone,Reyna,Jett,Clove,Sage
Bind,Viper,Clove,Sage,Jett,Breach
Bind,Viper,Clove,Deadlock,Jett,Sage
Bind,Clove,Reyna,Breach,Jett,Skye
Bind,Brimstone,Jett,Clove,Reyna,Sova
Bind,Brimstone,Sage,Clove,Cypher,Jett
Bind,Omen,Reyna,Clove,Sage,Neon
Bind,Astra,Clove,Reyna,Deadlock,Jett
Bind,Harbor,Reyna,Cypher,Clove,Jett
Bind,Harbor,Clove,Reyna,Neon,Cypher
Bind,Brimstone,Clove,Jett,Reyna,Sage
Bind,Brimstone,Clove,Deadlock,Jett,Killjoy
Bind,Astra,Clove,Skye,Jett,Neon
Bind,Brimstone,Deadlock,Clove,Jett,Reyna
Bind,Astra,Jett,Deadlock,Clove,Neon
Bind,Viper,Deadlock,Clove,Reyna,Sage
Bind,Clove,Cypher,Deadlock,Reyna,Jett
Bind,Omen,Clove,Jett,Reyna,Sage
Bind,Clove,Deadlock,Jett,Chamber,Tejo
Bind,Omen,Jett,Clove,Cypher,Reyna
Bind,Astra,Clove,Sage,Cypher,Jett
Bind,Astra,Jett,Clove,Sage,Deadlock
Bind,Astra,Deadlock,Clove,Raze,Reyna
Bind,Harbor,Clove,Jett,Neon,Chamber
Bind,Omen,Clove,Deadlock,Reyna,Breach
Bind,Clove,Jett,Deadlock,Sage,Reyna
Bind,Harbor,Jett,Clove,Deadlock,Reyna
Bind,Clove,Reyna,Neon,Sage,Deadlock
Bind,Harbor,Clove,Killjoy,Sage,Neon
Bind,Brimstone,Reyna,Clove,Deadlock,Cypher
Bind,Viper,Clove,Jett,Neon,Deadlock
Bind,Astra,Sage,Neon,Clove,Deadlock
Bind,Harbor,Neon,Clove,Jett,Sage
Bind,Harbor,Deadlock,Clove,Reyna,Sage
Bind,Astra,Jett,Clove,Reyna,Sage
Bind,Omen,Jett,Neon,Clove,Sage
Bind,Viper,Tejo,Clove,Neon,Jett
Bind,Omen,Clove,Jett,Sage,Breach
Bind,Brimstone,Clove,Jett,Killjoy,Reyna
Bind,Brimstone,Jett,Sage,Killjoy,Clove
Bind,Clove,Jett,Reyna,Sage,Fade
Bind,Omen,Reyna,Deadlock,Jett,Clove
Bind,Harbor,Clove,Reyna,Jett,Sage
Bind,Brimstone,Jett,Reyna,Clove,Sova
Bind,Brimstone,Clove,Reyna,Sage,Deadlock
Bind,Viper,Clove,Jett,Sage,Raze
Bind,Omen,Clove,Jett,Neon,Deadlock
Bind,Viper,Clove,Reyna,Jett,Deadlock
Bind,Clove,Jett,Deadlock,Chamber,Iso
Bind,Viper,Jett,Deadlock,Clove,Reyna
Bind,Astra,Clove,Jett,Iso,Deadlock
Bind,Omen,Reyna,Clove,Sage,Deadlock
Bind,Brimstone,Clove,Reyna,Jett,Killjoy
Bind,Astra,Clove,Sage,Neon,Jett
Bind,Harbor,Clove,Reyna,Jett,Deadlock
Bind,Harbor,Clove,Neon,Jett,Deadlock
Bind,Clove,Cypher,Jett,Neon,Sage
Bind,Viper,Jett,Clove,Neon,Deadlock
Bind,Omen,Clove,Jett,Deadlock,Reyna
Bind,Brimstone,Jett,Clove,Reyna,Fade
Bind,Harbor,Clove,Cypher,Jett,Deadlock
Bind,Omen,Clove,Cypher,Jett,Sage
Bind,Brimstone,Jett,Clove,Phoenix,Sage
Bind,Harbor,Deadlock,Clove,Reyna,Sage
Bind,Viper,Clove,Reyna,Neon,Sage
Bind,Brimstone,Clove,Jett,Sage,Reyna
Bind,Harbor,Clove,Jett,Reyna,Deadlock
Bind,Harbor,Jett,Clove,Reyna,Deadlock
Bind,Viper,Jett,Clove,Reyna,Sage
Bind,Omen,Clove,Jett,Tejo,Killjoy
Bind,Astra,Clove,Reyna,Jett,Cypher
Bind,Viper,Jett,Clove,Deadlock,Neon
Bind,Clove,Cypher,Jett,Sage,Reyna
Bind,Viper,Clove,Jett,Sage,Iso
Bind,Harbor,Clove,Reyna,Jett,Deadlock
Bind,Viper,Clove,Sage,Neon,Jett
Bind,Astra,Clove,Jett,Reyna,Killjoy
Bind,Astra,Clove,Deadlock,Sage,Jett
Bind,Brimstone,Sage,Jett,Deadlock,Clove
Bind,Harbor,Clove,Reyna,Jett,Deadlock
Bind,Clove,Reyna,Cypher,Jett,Deadlock
Bind,Clove,Jett,Deadlock,Sage,Reyna
Bind,Clove,Reyna,Jett,Cypher,Sage
Bind,Astra,Jett,Reyna,Sage,Clove
Bind,Brimstone,Jett,Clove,Deadlock,Reyna
Bind,Brimstone,Clove,Jett,Gekko,Deadlock
Bind,Astra,Clove,Deadlock,Jett,Phoenix
Bind,Astra,Deadlock,Clove,Sage,Reyna
Bind,Harbor,Clove,Reyna,Jett,Deadlock
Bind,Harbor,Clove,Deadlock,Jett,Sova
Bind,Harbor,Clove,Jett,Deadlock,Reyna
Bind,Clove,Jett,Deadlock,Breach,Reyna
Bind,Omen,Clove,Reyna,Sage,Jett
Bind,Harbor,Reyna,Jett,Clove,Tejo
Bind,Brimstone,Jett,Clove,Deadlock,Reyna
Bind,Brimstone,Jett,Clove,Sage,Reyna
Bind,Omen,Clove,Fade,Reyna,Deadlock
Bind,Harbor,Clove,Jett,Reyna,Deadlock
Bind,Clove,Jett,Fade,Reyna,Sage
Bind,Clove,Raze,Reyna,Chamber,Gekko
Bind,Clove,Jett,Sage,Reyna,Deadlock
Bind,Astra,Clove,Jett,Deadlock,Reyna
Bind,Harbor,Reyna,Clove,Jett,Skye
Bind,Viper,Jett,Clove,Sage,Reyna
Bind,Harbor,Jett,Clove,Reyna,Sova
Bind,Omen,Jett,Clove,Cypher,Reyna
Bind,Clove,Deadlock,Reyna,Sova,Jett
Bind,Clove,Jett,Raze,Deadlock,Breach
Bind,Brimstone,Jett,Clove,Deadlock,Sage
Bind,Viper,Clove,Deadlock,Reyna,Sova
Bind,Harbor,Clove,Deadlock,Jett,Reyna
Bind,Omen,Reyna,Clove,Cypher,Sage
Bind,Harbor,Clove,Jett,Sage,Reyna
Bind,Viper,Clove,Reyna,Deadlock,Jett
Bind,Harbor,Clove,Reyna,Jett,Deadlock
Bind,Astra,Clove,Cypher,Jett,Chamber
Bind,Harbor,Clove,Jett,Reyna,Cypher
Bind,Harbor,Clove,Jett,Sage,Chamber
Bind,Brimstone,Clove,Jett,Deadlock,Sage
Bind,Astra,Clove,Neon,Reyna,Deadlock
Bind,Harbor,Deadlock,Clove,Sage,Sova
Bind,Brimstone,Clove,Reyna,Deadlock,Jett
Bind,Astra,Clove,Jett,Reyna,Skye
Bind,Clove,Jett,Killjoy,Cypher,Reyna
Bind,Clove,Sage,Jett,Reyna,Deadlock
Bind,Viper,Clove,Reyna,Jett,Deadlock
Bind,Harbor,Reyna,Clove,Killjoy,Jett
Bind,Astra,Clove,Jett,Iso,Deadlock
Bind,Viper,Clove,Neon,Cypher,Reyna
Bind,Brimstone,Reyna,Clove,Jett,Deadlock
Bind,Clove,Jett,Deadlock,Reyna,Sage
Bind,Viper,Jett,Reyna,Clove,Cypher
Bind,Brimstone,Deadlock,Clove,Jett,Reyna
Bind,Clove,Deadlock,Jett,Reyna,Sage
Bind,Astra,Clove,Deadlock,Cypher,Jett
Bind,Brimstone,Clove,Neon,Jett,Deadlock
Bind,Omen,Clove,Reyna,Sage,Deadlock
Bind,Harbor,Reyna,Sage,Jett,Clove
Bind,Clove,Sage,Killjoy,Reyna,Gekko
Bind,Omen,Clove,Jett,Neon,Deadlock
Bind,Astra,Clove,Sage,Jett,Neon
Bind,Harbor,Clove,Reyna,Jett,Cypher
Bind,Harbor,Clove,Reyna,Jett,Deadlock
Bind,Clove,Tejo,Jett,Deadlock,Phoenix
Bind,Omen,Clove,Reyna,Jett,Sage
Bind,Harbor,Clove,Reyna,Jett,Deadlock
Bind,Viper,Clove,Iso,Jett,Sage
Bind,Harbor,Clove,Jett,Sage,Deadlock
Bind,Omen,Jett,Clove,Reyna,Sage
Bind,Astra,Deadlock,Clove,Neon,Reyna
Bind,Omen,Sage,Clove,Gekko,Jett
Bind,Clove,Cypher,Reyna,Sova,Jett
Bind,Harbor,Clove,Sage,Reyna,Jett
Bind,Harbor,Jett,Reyna,Clove,Deadlock
Bind,Brimstone,Clove,Jett,Deadlock,Sage
Bind,Viper,Jett,Clove,Reyna,Killjoy
Bind,Harbor,Clove,Neon,Deadlock,Reyna
Bind,Brimstone,Clove,Cypher,Reyna,Sage
Bind,Viper,Clove,Jett,Cypher,Reyna
Bind,Viper,Jett,Clove,Reyna,Deadlock
Bind,Astra,Clove,Reyna,Sage,Phoenix
Bind,Astra,Jett,Clove,Sage,Chamber
Bind,Brimstone,Clove,Chamber,Deadlock,Sova
Bind,Omen,Clove,Jett,Killjoy,Deadlock
Bind,Brimstone,Clove,Jett,Deadlock,Sage
Bind,Viper,Clove,Jett,Reyna,Deadlock
Bind,Harbor,Deadlock,Clove,Sage,Jett
Bind,Clove,Reyna,Sage,Sova,Breach
Bind,Viper,Clove,Reyna,Sage,Deadlock
Bind,Omen,Deadlock,Jett,Clove,Sage
Bind,Brimstone,Clove,Sage,Jett,Tejo
Bind,Clove,Sage,Jett,Neon,Deadlock
Bind,Omen,Clove,Sage,Jett,Reyna
Bind,Viper,Jett,Clove,Reyna,Sage
Bind,Clove,Jett,Neon,Sage,Deadlock
Bind,Brimstone,Deadlock,Clove,Phoenix,Jett
Bind,Astra,Reyna,Jett,Clove,Deadlock
Bind,Viper,Clove,Jett,Reyna,Sage
Bind,Astra,Sage,Reyna,Clove,Skye
Bind,Astra,Clove,Reyna,Jett,Deadlock
Bind,Astra,Jett,Clove,Sova,Sage
Bind,Astra,Jett,Clove,Neon,Sage
Bind,Omen,Clove,Jett,Sage,Neon
Bind,Harbor,Clove,Deadlock,Raze,Neon
Bind,Brimstone,Deadlock,Clove,Reyna,Jett
Bind,Clove,Reyna,Jett,Deadlock,Chamber
Bind,Viper,Clove,Jett,Reyna,Skye
Bind,Brimstone,Jett,Clove,Reyna,Deadlock
Bind,Harbor,Clove,Sage,Deadlock,Reyna
Bind,Clove,Jett,Sage,Deadlock,Reyna
Bind,Omen,Clove,Jett,Deadlock,Reyna
Bind,Viper,Clove,Jett,Reyna,Cypher
Bind,Astra,Deadlock,Clove,Sage,Jett
Bind,Omen,Deadlock,Jett,Clove,Tejo
Bind,Omen,Clove,Deadlock,Neon,Sage
Bind,Astra,Jett,Deadlock,Clove,Sage
Bind,Viper,Clove,Jett,Reyna,Sage
Bind,Astra,Clove,Deadlock,Reyna,Jett
Bind,Omen,Clove,Neon,Reyna,Deadlock
Bind,Astra,Clove,Deadlock,Jett,Reyna
Bind,Viper,Reyna,Jett,Clove,Sage
Bind,Clove,Reyna,Jett,Deadlock,Sage
Bind,Clove,Jett,Sage,Reyna,Deadlock
Bind,Harbor,Clove,Chamber,Deadlock,Jett
Bind,Harbor,Clove,Sage,Jett,Deadlock
Bind,Brimstone,Clove,Reyna,Sage,Deadlock
Bind,Astra,Clove,Jett,Reyna,Sage
Bind,Astra,Clove,Sage,Tejo,Neon
Bind,Viper,Clove,Deadlock,Jett,Tejo
Bind,Astra,Clove,Iso,Jett,Cypher
Bind,Harbor,Clove,Jett,Deadlock,Sage
Bind,Omen,Clove,Jett,Reyna,Cypher
Bind,Brimstone,Jett,Clove,Reyna,Deadlock
Bind,Viper,Clove,Reyna,Deadlock,Cypher
Bind,Viper,Jett,Clove,Sage,Deadlock
Bind,Clove,Reyna,Jett,Fade,Deadlock
Bind,Clove,Jett,Reyna,Killjoy,Deadlock
Bind,Clove,Deadlock,Reyna,Jett,Brimstone
Bind,Clove,Reyna,Jett,Deadlock,Skye
Bind,Clove,Reyna,Jett,Sage,Deadlock
Bind,Omen,Clove,Jett,Reyna,Sova
Bind,Omen,Clove,Jett,Gekko,Reyna
Bind,Clove,Jett,Reyna,Tejo,Deadlock
Bind,Omen,Clove,Reyna,Jett,Cypher
Bind,Harbor,Reyna,Clove,Jett,Cypher
Bind,Harbor,Deadlock,Clove,Jett,Reyna
Bind,Brimstone,Clove,Reyna,Gekko,Jett
Bind,Viper,Jett,Reyna,Clove,Sage
Bind,Brimstone,Clove,Jett,Neon,Deadlock
Bind,Viper,Clove,Deadlock,Tejo,Neon
Bind,Clove,Reyna,Sage,Jett,Deadlock
Bind,Omen,Reyna,Clove,Breach,Neon
Bind,Viper,Clove,Deadlock,Neon,Jett
Bind,Brimstone,Clove,Reyna,Jett,Sage
Bind,Astra,Jett,Clove,Reyna,Cypher
Bind,Brimstone,Clove,Jett,Sage,Reyna
Bind,Astra,Sage,Clove,Jett,Deadlock
Bind,Harbor,Deadlock,Clove,Jett,Reyna
Bind,Omen,Jett,Clove,Sage,Reyna
Bind,Harbor,Clove,Cypher,Neon,Jett
Bind,Harbor,Clove,Reyna,Sage,Jett
Bind,Clove,Neon,Deadlock,Jett,Sage
Bind,Clove,Sage,Reyna,Neon,Deadlock
Bind,Clove,Reyna,Deadlock,Jett,Sage
Bind,Clove,Deadlock,Sage,Sova,Jett
Bind,Omen,Jett,Clove,Reyna,Sova
Bind,Viper,Jett,Clove,Sage,Deadlock
Bind,Brimstone,Jett,Clove,Killjoy,Reyna
Bind,Brimstone,Clove,Jett,Deadlock,Reyna
Bind,Harbor,Jett,Clove,Sova,Sage
Bind,Viper,Clove,Jett,Sage,Deadlock
Bind,Viper,Clove,Reyna,Neon,Cypher
Bind,Brimstone,Clove,Jett,Deadlock,Reyna
Bind,Viper,Clove,Deadlock,Neon,Jett
Bind,Clove,Reyna,Sage,Jett,Cypher
Bind,Brimstone,Clove,Sage,Jett,Gekko
Bind,Omen,Clove,Sage,Jett,Deadlock
Bind,Harbor,Clove,Deadlock,Reyna,Neon
Bind,Harbor,Jett,Sage,Clove,Deadlock
Bind,Viper,Reyna,Clove,Sova,Jett
Bind,Omen,Clove,Reyna,Deadlock,Iso
Bind,Astra,Clove,Jett,Deadlock,Reyna
Bind,Harbor,Clove,Reyna,Jett,Sage
Bind,Harbor,Clove,Jett,Reyna,Deadlock
Bind,Viper,Clove,Neon,Jett,Sage
Bind,Viper,Clove,Jett,Deadlock,Reyna
Bind,Omen,Deadlock,Clove,Sage,Jett
Bind,Brimstone,Reyna,Jett,Sova,Clove
Bind,Brimstone,Clove,Reyna,Deadlock,Sage
Bind,Astra,Clove,Jett,Neon,Deadlock
Bind,Astra,Clove,Jett,Deadlock,Sage
Bind,Viper,Clove,Jett,Cypher,Reyna
Bind,Viper,Clove,Deadlock,Reyna,Jett
Bind,Clove,Neon,Jett,Deadlock,Sage
Bind,Viper,Clove,Reyna,Jett,Deadlock
Bind,Viper,Clove,Sage,Jett,Neon
Bind,Harbor,Clove,Jett,Sage,Phoenix
Bind,Viper,Clove,Reyna,Jett,Sage
Bind,Viper,Clove,Jett,Sage,Neon
Bind,Clove,Sage,Deadlock,Reyna,Jett
Bind,Harbor,Clove,Deadlock,Jett,Reyna
Bind,Astra,Clove,Jett,Reyna,Cypher
Bind,Viper,Jett,Clove,Reyna,Deadlock
Bind,Harbor,Deadlock,Clove,Neon,Reyna
Lotus,Omen,Clove,Jett,Sage,Neon
Lotus,Harbor,Neon,Jett,Clove,Deadlock
Lotus,Viper,Clove,Jett,Deadlock,Phoenix
Lotus,Viper,Jett,Clove,Sage,Deadlock
Lotus,Clove,Jett,Sage,Breach,Reyna
Lotus,Viper,Clove,Reyna,Jett,Chamber
Lotus,Viper,Clove,Neon,Sova,Reyna
Lotus,Astra,Clove,Jett,Deadlock,Sage
Lotus,Omen,Sage,Clove,Reyna,Jett
Lotus,Clove,Jett,Deadlock,Reyna,Sage
Lotus,Brimstone,Deadlock,Clove,Reyna,Jett
Lotus,Brimstone,Sage,Clove,Deadlock,Jett
Lotus,Omen,Clove,Jett,Reyna,Sova
Lotus,Astra,Clove,Deadlock,Jett,Breach
Lotus,Viper,Clove,Reyna,Neon,Tejo
Lotus,Omen,Jett,Reyna,Clove,Sage
Lotus,Brimstone,Clove,Reyna,Sage,Tejo
Lotus,Brimstone,Clove,Neon,Reyna,Sova
Lotus,Brimstone,Reyna,Clove,Deadlock,Jett
Lotus,Clove,Jett,Sage,Reyna,Deadlock
Lotus,Brimstone,Jett,Clove,Sage,Neon
Lotus,Astra,Reyna,Jett,Clove,Deadlock
Lotus,Viper,Neon,Clove,Jett,Sage
Lotus,Harbor,Clove,Sage,Jett,Reyna
Lotus,Harbor,Jett,Clove,Neon,Sage
Lotus,Astra,Reyna,Clove,Cypher,Chamber
Lotus,Omen,Clove,Jett,Deadlock,Neon
Lotus,Brimstone,Clove,Jett,Sage,Deadlock
Lotus,Harbor,Jett,Clove,Reyna,Deadlock
Lotus,Viper,Sage,Clove,Reyna,Jett
Lotus,Brimstone,Jett,Clove,Sage,Iso
Lotus,Brimstone,Clove,Deadlock,Jett,Reyna
Lotus,Astra,Jett,Clove,Reyna,Sage
Lotus,Astra,Jett,Sova,Reyna,Clove
Lotus,Viper,Clove,Reyna,Jett,Tejo
Lotus,Astra,Clove,Deadlock,Sage,Reyna
Lotus,Brimstone,Clove,Reyna,Jett,Sage
Lotus,Harbor,Clove,Jett,Neon,Sage
Lotus,Omen,Clove,Reyna,Sova,Jett
Lotus,Viper,Clove,Neon,Reyna,Tejo
Lotus,Clove,Jett,Sage,Deadlock,Neon
Lotus,Brimstone,Clove,Jett,Killjoy,Deadlock
Lotus,Omen,Clove,Reyna,Sage,Neon
Lotus,Viper,Clove,Sage,Jett,Deadlock
Lotus,Brimstone,Killjoy,Clove,Jett,Deadlock
Lotus,Viper,Jett,Clove,Reyna,Deadlock
Lotus,Harbor,Clove,Skye,Neon,Jett
Lotus,Brimstone,Clove,Reyna,Deadlock,Sage
Lotus,Astra,Deadlock,Jett,Clove,Breach
Lotus,Harbor,Jett,Clove,Sage,Reyna
Lotus,Viper,Reyna,Clove,Deadlock,Jett
Lotus,Viper,Clove,Sage,Cypher,Reyna
Lotus,Viper,Clove,Jett,Deadlock,Tejo
Lotus,Astra,Clove,Reyna,Jett,Vyse
Lotus,Viper,Jett,Clove,Deadlock,Killjoy
Lotus,Omen,Clove,Deadlock,Jett,Neon
Lotus,Clove,Cypher,Reyna,Jett,Chamber
Lotus,Viper,Clove,Neon,Reyna,Sage
Lotus,Clove,Jett,Deadlock,Cypher,Neon
Lotus,Harbor,Clove,Jett,Reyna,Sova
Lotus,Harbor,Clove,Jett,Reyna,Deadlock
Lotus,Brimstone,Clove,Reyna,Sage,Jett
Lotus,Omen,Jett,Clove,Sage,Iso
Lotus,Clove,Sova,Jett,Tejo,Neon
Lotus,Viper,Clove,Reyna,Gekko,Tejo
Lotus,Viper,Clove,Jett,Neon,Killjoy
Lotus,Clove,Neon,Reyna,Sage,Cypher
Lotus,Omen,Deadlock,Jett,Clove,Sage
Lotus,Omen,Clove,Jett,Sage,Reyna
Lotus,Clove,Reyna,Neon,Chamber,Deadlock
Lotus,Harbor,Jett,Clove,Sage,Reyna
Lotus,Viper,Clove,Sage,Jett,Sova
Lotus,Harbor,Reyna,Jett,Clove,Deadlock
Lotus,Brimstone,Clove,Reyna,Sova,Chamber
Lotus,Omen,Jett,Clove,Sage,Deadlock
Lotus,Viper,Clove,Jett,Deadlock,Killjoy
Lotus,Harbor,Clove,Neon,Jett,Deadlock
Lotus,Astra,Clove,Reyna,Jett,Deadlock
Lotus,Astra,Clove,Reyna,Jett,Chamber
Lotus,Clove,Sage,Jett,Deadlock,Phoenix
Lotus,Brimstone,Sage,Clove,Deadlock,Jett
Lotus,Omen,Clove,Sage,Jett,Reyna
Lotus,Viper,Clove,Reyna,Jett,Deadlock
Lotus,Brimstone,Deadlock,Clove,Reyna,Sage
Lotus,Clove,Sage,Reyna,Jett,Deadlock
Lotus,Viper,Clove,Deadlock,Jett,Gekko
Lotus,Viper,Clove,Deadlock,Reyna,Cypher
Lotus,Harbor,Deadlock,Cypher,Jett,Clove
Lotus,Viper,Clove,Deadlock,Sage,Fade
Lotus,Omen,Clove,Reyna,Sage,Vyse
Lotus,Astra,Clove,Reyna,Jett,Sage
Lotus,Viper,Jett,Clove,Reyna,Tejo
Lotus,Astra,Reyna,Jett,Clove,Chamber
Lotus,Brimstone,Clove,Reyna,Neon,Killjoy
Lotus,Clove,Reyna,Deadlock,Chamber,Jett
Lotus,Viper,Clove,Jett,Reyna,Fade
Lotus,Clove,Reyna,Jett,Fade,Sage
Lotus,Viper,Clove,Jett,Reyna,Sova
Lotus,Brimstone,Clove,Jett,Deadlock,Sage
Lotus,Brimstone,Deadlock,Clove,Jett,Neon
Lotus,Clove,Jett,Reyna,Deadlock,Sage
Lotus,Brimstone,Clove,Sage,Jett,Reyna
Lotus,Brimstone,Reyna,Deadlock,Jett,Sage
Lotus,Omen,Clove,Deadlock,Reyna,Sage
Lotus,Omen,Clove,Jett,Reyna,Deadlock
Lotus,Brimstone,Clove,Jett,Sage,Reyna
Lotus,Clove,Jett,Reyna,Sage,Killjoy
Lotus,Viper,Clove,Jett,Reyna,Deadlock
Lotus,Viper,Reyna,Clove,Jett,Deadlock
Lotus,Omen,Clove,Jett,Neon,Cypher
Lotus,Omen,Clove,Sage,Jett,Reyna
Lotus,Viper,Clove,Jett,Deadlock,Reyna
Lotus,Harbor,Clove,Reyna,Jett,Deadlock
Lotus,Viper,Clove,Reyna,Sage,Jett
Lotus,Viper,Clove,Jett,Reyna,Cypher
Lotus,Omen,Jett,Reyna,Clove,KAY/O
Lotus,Clove,Jett,Sage,Phoenix,Deadlock
Lotus,Clove,Jett,Viper,Deadlock,Reyna
Lotus,Clove,Jett,Reyna,Deadlock,Sova
Lotus,Omen,Jett,Deadlock,Reyna,Clove
Lotus,Clove,Reyna,Sage,Jett,Deadlock
Lotus,Viper,Clove,Jett,Reyna,Deadlock
Lotus,Harbor,Sage,Jett,Clove,Reyna
Lotus,Omen,Clove,Jett,Reyna,Deadlock
Lotus,Astra,Clove,Jett,Neon,Sage
Lotus,Omen,Clove,Jett,Cypher,Reyna
Lotus,Clove,Reyna,Jett,Chamber,Cypher
Lotus,Viper,Clove,Jett,Reyna,Deadlock
Lotus,Omen,Clove,Deadlock,Reyna,Jett
Lotus,Clove,Skye,Reyna,Deadlock,Jett
Lotus,Omen,Clove,Neon,Reyna,Deadlock
Lotus,Omen,Clove,Reyna,Sage,Skye
Lotus,Brimstone,Clove,Deadlock,Reyna,Neon
Lotus,Omen,Clove,Reyna,Jett,Cypher
Lotus,Astra,Clove,Gekko,Deadlock,Reyna
Lotus,Clove,Jett,Sage,Deadlock,Neon
Lotus,Brimstone,Clove,Neon,Deadlock,Reyna
Lotus,Viper,Clove,Jett,Sage,Reyna
Lotus,Brimstone,Jett,Clove,Sage,Reyna
Lotus,Astra,Clove,Reyna,Vyse,Deadlock
Lotus,Brimstone,Clove,Reyna,Neon,Sova
Lotus,Harbor,Clove,Jett,Breach,Sova
Lotus,Clove,Skye,Deadlock,Jett,Neon
Lotus,Brimstone,Clove,Jett,Deadlock,Reyna
Lotus,Astra,Clove,Sage,Reyna,Jett
Lotus,Omen,Clove,Jett,Sova,Reyna
Lotus,Viper,Clove,Jett,Deadlock,Reyna
Lotus,Clove,Reyna,Jett,Tejo,Sage
Lotus,Viper,Reyna,Clove,Sage,Jett
Lotus,Brimstone,Clove,Deadlock,Reyna,Sage
Lotus,Clove,Neon,Phoenix,Deadlock,Sage
Lotus,Astra,Clove,Deadlock,Reyna,Sage
Lotus,Viper,Clove,Reyna,Jett,Sova
Lotus,Harbor,Clove,Deadlock,Jett,Reyna
Lotus,Astra,Sage,Clove,Jett,Cypher
Lotus,Brimstone,Reyna,Clove,Sage,Jett
Lotus,Harbor,Clove,Jett,Sage,Raze
Lotus,Astra,Jett,Clove,Deadlock,Reyna
Lotus,Viper,Clove,Sage,Jett,Neon
Lotus,Astra,Reyna,Jett,Clove,Sova
Lotus,Astra,Reyna,Clove,Deadlock,Sage
Lotus,Clove,Sage,Reyna,Jett,Deadlock
Lotus,Clove,Jett,Reyna,Deadlock,Cypher
Lotus,Brimstone,Jett,Clove,Sage,Neon
Lotus,Astra,Clove,Jett,Sova,Deadlock
Lotus,Brimstone,Sage,Jett,Clove,Deadlock
Lotus,Viper,Clove,Sage,Jett,Reyna
Lotus,Clove,Jett,Sage,Deadlock,Gekko
Lotus,Viper,Clove,Jett,Neon,Sage
Lotus,Clove,Sage,Reyna,Jett,Deadlock
Lotus,Brimstone,Jett,Clove,Reyna,Sage
Lotus,Brimstone,Jett,Reyna,Clove,Skye
Lotus,Harbor,Clove,Jett,Sage,Fade
Lotus,Brimstone,Clove,Jett,Chamber,Deadlock
Lotus,Clove,Reyna,Tejo,Jett,Gekko
Lotus,Omen,Clove,Reyna,Neon,Deadlock
Lotus,Astra,Jett,Clove,Reyna,Sage
Lotus,Clove,Jett,Gekko,Deadlock,Reyna
Lotus,Harbor,Clove,Jett,Phoenix,Deadlock
Lotus,Harbor,Jett,Clove,Sova,Sage
Lotus,Brimstone,Reyna,Clove,Sage,Deadlock
Lotus,Viper,Clove,Reyna,Sage,Deadlock
Lotus,Brimstone,Clove,Deadlock,Jett,Reyna
Lotus,Astra,Clove,Reyna,Deadlock,Jett
Lotus,Brimstone,Clove,Sage,Deadlock,Sova
Lotus,Brimstone,Reyna,Clove,Neon,Killjoy
Lotus,Viper,Clove,Jett,Deadlock,Chamber
Lotus,Harbor,Jett,Deadlock,Clove,Reyna
Lotus,Viper,Clove,Jett,Sage,Fade
Lotus,Clove,Jett,Reyna,Sage,Gekko
Lotus,Viper,Clove,Sage,Deadlock,Reyna
Lotus,Clove,Sage,Reyna,Cypher,Jett
Lotus,Omen,Clove,Deadlock,Reyna,Sage
Lotus,Clove,Deadlock,Reyna,Sage,Jett
Lotus,Clove,Jett,Deadlock,Sova,Iso
Lotus,Astra,Clove,Deadlock,Sage,Reyna
Lotus,Harbor,Clove,Jett,Deadlock,Reyna
Lotus,Clove,Deadlock,Iso,Reyna,Sova
Lotus,Harbor,Reyna,Clove,Jett,Killjoy
Lotus,Astra,Clove,Phoenix,Sage,Fade
Lotus,Clove,Neon,Deadlock,Reyna,Killjoy
Lotus,Clove,Sage,Jett,Reyna,Deadlock
Lotus,Astra,Clove,Reyna,Jett,Sage
Lotus,Harbor,Clove,Deadlock,Reyna,Jett
Lotus,Omen,Reyna,Clove,Killjoy,Jett
Lotus,Omen,Clove,Jett,Reyna,Sova
Lotus,Harbor,Clove,Deadlock,Jett,Sage
Lotus,Harbor,Reyna,Jett,Clove,Deadlock
Lotus,Clove,Reyna,Skye,Chamber,Deadlock
Lotus,Astra,Reyna,Clove,Deadlock,Neon
Lotus,Omen,Jett,Neon,Sova,Clove
Lotus,Clove,Reyna,Jett,Sage,Deadlock
Lotus,Astra,Clove,Reyna,Deadlock,Jett
Lotus,Viper,Clove,Jett,Neon,Sage
Lotus,Brimstone,Clove,Sage,Deadlock,Reyna
Lotus,Clove,Jett,Reyna,Deadlock,Sage
Lotus,Clove,Sage,Cypher,Reyna,Neon
Lotus,Omen,Clove,Raze,Sage,Reyna
Lotus,Astra,Clove,Reyna,Jett,Cypher
Lotus,Brimstone,Clove,Jett,Reyna,Deadlock
Lotus,Omen,Clove,Jett,Deadlock,Reyna
Lotus,Brimstone,Clove,Tejo,Jett,Reyna
Lotus,Astra,Clove,Reyna,Jett,Tejo
Lotus,Astra,Clove,Jett,Tejo,Skye
Lotus,Omen,Reyna,Clove,Tejo,Jett
Lotus,Viper,Clove,Jett,Cypher,Reyna
Lotus,Harbor,Clove,Reyna,Deadlock,Breach
Lotus,Omen,Clove,Deadlock,Sage,Reyna
Lotus,Viper,Clove,Sage,Jett,Deadlock
Lotus,Harbor,Jett,Clove,Reyna,Sage
Lotus,Brimstone,Jett,Clove,Deadlock,Gekko
Lotus,Clove,Jett,Deadlock,Reyna,Sage
Lotus,Harbor,Sage,Clove,Jett,Deadlock
Lotus,Harbor,Clove,Jett,Reyna,Deadlock
Lotus,Harbor,Clove,Jett,Deadlock,Neon
Lotus,Harbor,Clove,Jett,Reyna,Sage
Lotus,Brimstone,Deadlock,Clove,Reyna,Jett
Lotus,Astra,Clove,Reyna,Jett,Cypher
Lotus,Harbor,Reyna,Clove,Jett,Deadlock
Lotus,Omen,Clove,Sage,Reyna,Jett
Lotus,Clove,Jett,Reyna,Sage,Skye
Lotus,Omen,Jett,Clove,Reyna,Deadlock
Lotus,Harbor,Deadlock,Jett,Clove,Iso
Lotus,Viper,Clove,Deadlock,Jett,Tejo
Lotus,Astra,Reyna,Sage,Deadlock,Clove
Lotus,Astra,Jett,Reyna,Clove,Deadlock
Lotus,Viper,Sage,Clove,Deadlock,Neon
Lotus,Harbor,Clove,Deadlock,Reyna,Sage
Lotus,Omen,Jett,Clove,Deadlock,Sage
Lotus,Brimstone,Clove,Jett,Deadlock,Reyna
Lotus,Astra,Clove,Reyna,Jett,Deadlock
Lotus,Viper,Tejo,Clove,Reyna,Jett
Lotus,Omen,Clove,Sage,Cypher,Jett
Lotus,Omen,Clove,Reyna,Iso,Deadlock
Lotus,Clove,Jett,Reyna,Deadlock,Killjoy
Lotus,Brimstone,Cypher,Clove,Reyna,Sage
Lotus,Clove,Reyna,Jett,Chamber,Cypher
Lotus,Astra,Clove,Jett,Reyna,Sage
Lotus,Astra,Jett,Clove,Reyna,Cypher
Lotus,Brimstone,Clove,Deadlock,Jett,Gekko
Lotus,Clove,Jett,Reyna,Deadlock,Sage
Lotus,Clove,Jett,Deadlock,Chamber,Reyna
Lotus,Astra,Clove,Sage,Reyna,Cypher
Lotus,Viper,Clove,Deadlock,Jett,Cypher
Lotus,Harbor,Clove,Deadlock,Jett,Phoenix
Lotus,Brimstone,Clove,Jett,Deadlock,Neon
Lotus,Brimstone,Reyna,Jett,Clove,Fade
Lotus,Harbor,Clove,Reyna,Deadlock,Jett
Lotus,Brimstone,Clove,Reyna,Sage,Neon
Lotus,Omen,Clove,Sova,Reyna,Jett
Lotus,Viper,Clove,Jett,Sage,Deadlock
Lotus,Harbor,Clove,Jett,Deadlock,Sage
Lotus,Omen,Jett,Clove,Reyna,Sage
Lotus,Brimstone,Reyna,Clove,Jett,Deadlock
Lotus,Brimstone,Clove,Sova,Deadlock,Jett
Lotus,Astra,Clove,Sage,Jett,KAY/O
Lotus,Brimstone,Clove,Reyna,Jett,Sage
Lotus,Astra,Clove,Reyna,Jett,Deadlock
Lotus,Harbor,Reyna,Clove,Jett,Sage
Lotus,Omen,Jett,Clove,Reyna,Killjoy
Lotus,Clove,Jett,Cypher,Sage,Sova
Lotus,Clove,Reyna,Jett,Sage,Deadlock
Lotus,Viper,Clove,Jett,Reyna,Deadlock
Lotus,Brimstone,Reyna,Jett,Clove,Deadlock
Lotus,Astra,Clove,Reyna,Jett,Tejo
Lotus,Brimstone,Clove,Jett,Reyna,Chamber
Lotus,Astra,Clove,Reyna,Jett,Sage
Lotus,Astra,Jett,Deadlock,Neon,Sage
Lotus,Brimstone,Clove,Reyna,Deadlock,Sage
Lotus,Harbor,Clove,Sage,Neon,Reyna
Lotus,Clove,Neon,Chamber,Jett,Tejo
Lotus,Brimstone,Clove,Phoenix,Jett,Deadlock
Lotus,Viper,Jett,Clove,Sage,Reyna
Lotus,Omen,Jett,Clove,Sage,Reyna
Lotus,Brimstone,Jett,Clove,Neon,Deadlock
Lotus,Clove,Jett,Neon,Deadlock,Sage
Lotus,Viper,Deadlock,Jett,Clove,Reyna
Lotus,Clove,Jett,Tejo,Neon,Deadlock
Lotus,Viper,Clove,Deadlock,Jett,Reyna
Lotus,Omen,Clove,Jett,Neon,Deadlock
