Map,Rank,Agent,Role,WinRate,TotalMatches
Abyss,ALL,Clove,Controller,52.7,728109
Abyss,ALL,Vyse,Sentinel,51.4,136103
Abyss,ALL,Deadlock,Sentinel,51.05,208634
Abyss,ALL,Iso,Duelist,51.03,279618
Abyss,ALL,Reyna,Duelist,50.59,705113
Abyss,ALL,Sova,Initiator,50.57,375778
Abyss,ALL,Jett,Duelist,50.44,732024
Abyss,ALL,Sage,Sentinel,50.34,392805
Abyss,ALL,Gekko,Initiator,50.17,258750
Abyss,ALL,Breach,Initiator,50.11,132124
Abyss,ALL,Cypher,Sentinel,50.02,440287
Abyss,ALL,Chamber,Sentinel,49.9,281811
Abyss,ALL,Phoenix,Duelist,49.46,165564
Abyss,ALL,Tejo,Initiator,49.43,369024
Abyss,ALL,Neon,Duelist,49.14,178146
Abyss,ALL,Killjoy,Sentinel,48.9,82096
Abyss,ALL,Skye,Initiator,48.66,99229
Abyss,ALL,Brimstone,Controller,48.54,101153
Abyss,ALL,Raze,Duelist,48.27,167903
Abyss,ALL,Fade,Initiator,48.11,67014
Abyss,ALL,Astra,Controller,47.6,109008
Abyss,ALL,Yoru,Duelist,46.82,143266
Abyss,ALL,Omen,Controller,46.53,343690
Abyss,ALL,Viper,Controller,46.15,23396
Abyss,ALL,KAY/O,Initiator,46.12,104005
Abyss,ALL,Harbor,Controller,44.3,24870
Abyss,Iron,Clove,Controller,53.01,38476
Abyss,Iron,Reyna,Duelist,51.35,56455
Abyss,Iron,Cypher,Sentinel,51.27,23709
Abyss,Iron,Killjoy,Sentinel,51.13,8375
Abyss,Iron,Deadlock,Sentinel,50.84,11626
Abyss,Iron,Vyse,Sentinel,50.47,5035
Abyss,Iron,Breach,Initiator,50.37,6572
Abyss,Iron,Skye,Initiator,50.37,9558
Abyss,Iron,Gekko,Initiator,50.19,22795
Abyss,Iron,Chamber,Sentinel,50.09,15478
Abyss,Iron,Sage,Sentinel,50.02,48117
Abyss,Iron,Iso,Duelist,50.01,18028
Abyss,Iron,Jett,Duelist,49.89,30539
Abyss,Iron,Tejo,Initiator,49.83,26920
Abyss,Iron,Sova,Initiator,49.31,16552
Abyss,Iron,Brimstone,Controller,49.27,13011
Abyss,Iron,Raze,Duelist,49.16,18760
Abyss,Iron,Fade,Initiator,49.09,8998
Abyss,Iron,Neon,Duelist,48.91,20861
Abyss,Iron,Astra,Controller,48.76,2580
Abyss,Iron,Omen,Controller,48.46,30956
Abyss,Iron,Phoenix,Duelist,48.25,19377
Abyss,Iron,Viper,Controller,47.99,4378
Abyss,Iron,Yoru,Duelist,47.27,19358
Abyss,Iron,KAY/O,Initiator,47.08,8348
Abyss,Iron,Harbor,Controller,46.71,2948
Abyss,Bronze,Clove,Controller,53.07,181477
Abyss,Bronze,Vyse,Sentinel,51.05,24762
Abyss,Bronze,Deadlock,Sentinel,51.05,52548
Abyss,Bronze,Reyna,Duelist,50.74,214755
Abyss,Bronze,Jett,Duelist,50.6,151262
Abyss,Bronze,Cypher,Sentinel,50.51,109518
Abyss,Bronze,Iso,Duelist,50.43,72364
Abyss,Bronze,Gekko,Initiator,50.42,79361
Abyss,Bronze,Sage,Sentinel,50.24,154178
Abyss,Bronze,Killjoy,Sentinel,50.12,30786
Abyss,Bronze,Sova,Initiator,50.12,67483
Abyss,Bronze,Breach,Initiator,50.06,35568
Abyss,Bronze,Chamber,Sentinel,49.96,72096
Abyss,Bronze,Tejo,Initiator,49.79,103703
Abyss,Bronze,Phoenix,Duelist,49.25,58933
Abyss,Bronze,Neon,Duelist,49.24,63096
Abyss,Bronze,Skye,Initiator,48.94,36099
Abyss,Bronze,Raze,Duelist,48.63,59157
Abyss,Bronze,Astra,Controller,48.39,17203
Abyss,Bronze,Brimstone,Controller,48.39,41501
Abyss,Bronze,Fade,Initiator,48.08,25295
Abyss,Bronze,Omen,Controller,47.19,109811
Abyss,Bronze,KAY/O,Initiator,46.46,32466
Abyss,Bronze,Yoru,Duelist,46.26,44352
Abyss,Bronze,Viper,Controller,45.59,9940
Abyss,Bronze,Harbor,Controller,44.82,9576
Abyss,Silver,Clove,Controller,52.9,176192
Abyss,Silver,Vyse,Sentinel,51.47,28249
Abyss,Silver,Iso,Duelist,50.91,63012
Abyss,Silver,Sova,Initiator,50.87,74231
Abyss,Silver,Reyna,Duelist,50.7,179047
Abyss,Silver,Deadlock,Sentinel,50.69,51522
Abyss,Silver,Jett,Duelist,50.62,172388
Abyss,Silver,Sage,Sentinel,50.37,104667
Abyss,Silver,Breach,Initiator,50.21,36541
Abyss,Silver,Cypher,Sentinel,50.2,104496
Abyss,Silver,Gekko,Initiator,50.15,66439
Abyss,Silver,Phoenix,Duelist,50.04,42661
Abyss,Silver,Chamber,Sentinel,50.03,72797
Abyss,Silver,Tejo,Initiator,49.37,91509
Abyss,Silver,Neon,Duelist,49.06,43299
Abyss,Silver,Brimstone,Controller,48.67,26257
Abyss,Silver,Killjoy,Sentinel,48.2,23199
Abyss,Silver,Fade,Initiator,48.02,16732
Abyss,Silver,Skye,Initiator,48.0,27250
Abyss,Silver,Raze,Duelist,47.95,44753
Abyss,Silver,Astra,Controller,47.79,23448
Abyss,Silver,Omen,Controller,46.33,89543
Abyss,Silver,KAY/O,Initiator,46.23,27718
Abyss,Silver,Yoru,Duelist,46.16,29731
Abyss,Silver,Viper,Controller,44.97,5052
Abyss,Silver,Harbor,Controller,43.29,6357
Abyss,Gold,Clove,Controller,52.71,134585
Abyss,Gold,Vyse,Sentinel,51.95,24799
Abyss,Gold,Iso,Duelist,51.16,46672
Abyss,Gold,Sova,Initiator,51.11,67574
Abyss,Gold,Deadlock,Sentinel,50.7,39577
Abyss,Gold,Jett,Duelist,50.59,145907
Abyss,Gold,Reyna,Duelist,50.36,120171
Abyss,Gold,Sage,Sentinel,50.33,54368
Abyss,Gold,Breach,Initiator,50.25,26902
Abyss,Gold,Gekko,Initiator,50.13,45987
Abyss,Gold,Cypher,Sentinel,49.99,81076
Abyss,Gold,Phoenix,Duelist,49.84,24907
Abyss,Gold,Chamber,Sentinel,49.78,57140
Abyss,Gold,Tejo,Initiator,49.11,66600
Abyss,Gold,Neon,Duelist,48.43,25474
Abyss,Gold,Skye,Initiator,48.21,15763
Abyss,Gold,Brimstone,Controller,48.0,12800
Abyss,Gold,Fade,Initiator,47.88,9281
Abyss,Gold,Astra,Controller,47.86,22856
Abyss,Gold,Raze,Duelist,47.79,26273
Abyss,Gold,Killjoy,Sentinel,47.59,12362
Abyss,Gold,Yoru,Duelist,47.17,19361
Abyss,Gold,Viper,Controller,46.55,2318
Abyss,Gold,KAY/O,Initiator,45.85,18158
Abyss,Gold,Omen,Controller,45.85,58606
Abyss,Gold,Harbor,Controller,43.21,3393
Abyss,Platinum,Clove,Controller,52.64,79928
Abyss,Platinum,Deadlock,Sentinel,51.49,23145
Abyss,Platinum,Iso,Duelist,51.49,28122
Abyss,Platinum,Sova,Initiator,51.1,49627
Abyss,Platinum,Vyse,Sentinel,50.95,16860
Abyss,Platinum,Sage,Sentinel,50.58,20935
Abyss,Platinum,Phoenix,Duelist,50.48,11196
Abyss,Platinum,Jett,Duelist,50.42,93506
Abyss,Platinum,Reyna,Duelist,50.33,63274
Abyss,Platinum,Gekko,Initiator,50.16,24635
Abyss,Platinum,Chamber,Sentinel,49.89,31813
Abyss,Platinum,Cypher,Sentinel,49.66,50984
Abyss,Platinum,Neon,Duelist,49.53,11987
Abyss,Platinum,Fade,Initiator,48.9,4102
Abyss,Platinum,Tejo,Initiator,48.84,36834
Abyss,Platinum,Breach,Initiator,48.8,14554
Abyss,Platinum,Viper,Controller,47.98,917
Abyss,Platinum,Skye,Initiator,47.95,6721
Abyss,Platinum,Brimstone,Controller,47.9,4820
Abyss,Platinum,Astra,Controller,47.45,16418
Abyss,Platinum,Raze,Duelist,47.37,11575
Abyss,Platinum,Yoru,Duelist,46.42,10753
Abyss,Platinum,Killjoy,Sentinel,45.86,5004
Abyss,Platinum,Omen,Controller,45.32,29407
Abyss,Platinum,KAY/O,Initiator,45.17,9279
Abyss,Platinum,Harbor,Controller,43.81,1454
Abyss,Diamond,Clove,Controller,52.24,60041
Abyss,Diamond,Iso,Duelist,52.02,22665
Abyss,Diamond,Vyse,Sentinel,51.93,13737
Abyss,Diamond,Sage,Sentinel,51.26,8051
Abyss,Diamond,Deadlock,Sentinel,51.23,17151
Abyss,Diamond,Sova,Initiator,50.5,44368
Abyss,Diamond,Reyna,Duelist,50.18,42145
Abyss,Diamond,Jett,Duelist,50.18,72023
Abyss,Diamond,Breach,Initiator,50.0,8834
Abyss,Diamond,Neon,Duelist,49.96,7352
Abyss,Diamond,Chamber,Sentinel,49.91,21110
Abyss,Diamond,Cypher,Sentinel,49.33,38933
Abyss,Diamond,Gekko,Initiator,49.28,14564
Abyss,Diamond,Tejo,Initiator,49.23,25284
Abyss,Diamond,Skye,Initiator,49.16,3029
Abyss,Diamond,Raze,Duelist,48.68,5555
Abyss,Diamond,Brimstone,Controller,48.42,1958
Abyss,Diamond,Phoenix,Duelist,48.27,5751
Abyss,Diamond,Fade,Initiator,47.14,1920
Abyss,Diamond,Astra,Controller,46.74,12924
Abyss,Diamond,Yoru,Duelist,46.68,7737
Abyss,Diamond,Killjoy,Sentinel,46.67,1875
Abyss,Diamond,Omen,Controller,45.11,17245
Abyss,Diamond,Viper,Controller,45.02,442
Abyss,Diamond,KAY/O,Initiator,44.56,5184
Abyss,Diamond,Harbor,Controller,43.35,722
Abyss,Ascendant,Brimstone,Controller,56.28,645
Abyss,Ascendant,Sage,Sentinel,56.15,1902
Abyss,Ascendant,Breach,Initiator,53.08,2681
Abyss,Ascendant,Iso,Duelist,52.52,15791
Abyss,Ascendant,Clove,Controller,51.59,33624
Abyss,Ascendant,Vyse,Sentinel,51.57,9671
Abyss,Ascendant,Skye,Initiator,51.52,691
Abyss,Ascendant,Neon,Duelist,51.4,3578
Abyss,Ascendant,Deadlock,Sentinel,50.97,8722
Abyss,Ascendant,Sova,Initiator,50.11,30125
Abyss,Ascendant,Yoru,Duelist,50.0,5216
Abyss,Ascendant,Reyna,Duelist,49.93,19447
Abyss,Ascendant,Jett,Duelist,49.9,39566
Abyss,Ascendant,Chamber,Sentinel,49.68,8082
Abyss,Ascendant,Tejo,Initiator,48.76,11935
Abyss,Ascendant,Cypher,Sentinel,48.75,20247
Abyss,Ascendant,Gekko,Initiator,48.22,4206
Abyss,Ascendant,Phoenix,Duelist,47.37,1879
Abyss,Ascendant,Raze,Duelist,45.36,1488
Abyss,Ascendant,Astra,Controller,45.19,7480
Abyss,Ascendant,Omen,Controller,44.82,5658
Abyss,Ascendant,Harbor,Controller,44.4,277
Abyss,Ascendant,KAY/O,Initiator,44.32,1760
Abyss,Ascendant,Killjoy,Sentinel,44.22,389
Abyss,Ascendant,Fade,Initiator,43.62,486
Abyss,Ascendant,Viper,Controller,43.28,134
Abyss,Immortal,Viper,Controller,79.53,127
Abyss,Immortal,Killjoy,Sentinel,68.57,35
Abyss,Immortal,Breach,Initiator,67.6,321
Abyss,Immortal,Sage,Sentinel,59.13,367
Abyss,Immortal,Harbor,Controller,56.86,102
Abyss,Immortal,Raze,Duelist,56.7,261
Abyss,Immortal,Deadlock,Sentinel,55.46,2901
Abyss,Immortal,Gekko,Initiator,54.89,481
Abyss,Immortal,Tejo,Initiator,53.86,4174
Abyss,Immortal,Skye,Initiator,52.5,80
Abyss,Immortal,Clove,Controller,51.98,14229
Abyss,Immortal,Iso,Duelist,50.81,7654
Abyss,Immortal,Chamber,Sentinel,50.6,2002
Abyss,Immortal,Neon,Duelist,49.67,1498
Abyss,Immortal,Phoenix,Duelist,49.54,539
Abyss,Immortal,Yoru,Duelist,49.49,3350
Abyss,Immortal,Jett,Duelist,49.45,15669
Abyss,Immortal,Vyse,Sentinel,49.41,6656
Abyss,Immortal,Sova,Initiator,49.13,14686
Abyss,Immortal,KAY/O,Initiator,49.0,647
Abyss,Immortal,Reyna,Duelist,48.13,6318
Abyss,Immortal,Cypher,Sentinel,47.74,7212
Abyss,Immortal,Astra,Controller,44.91,3293
Abyss,Immortal,Omen,Controller,43.46,1422
Abyss,Immortal,Fade,Initiator,38.33,120
Abyss,Immortal,Brimstone,Controller,30.21,96
Abyss,Radiant,Gekko,Initiator,58.51,282
Abyss,Radiant,Brimstone,Controller,58.46,65
Abyss,Radiant,Deadlock,Sentinel,57.07,1442
Abyss,Radiant,Sage,Sentinel,56.82,220
Abyss,Radiant,Vyse,Sentinel,52.86,6334
Abyss,Radiant,Iso,Duelist,52.43,5310
Abyss,Radiant,Astra,Controller,52.35,2806
Abyss,Radiant,Phoenix,Duelist,52.34,321
Abyss,Radiant,Sova,Initiator,50.89,11132
Abyss,Radiant,Jett,Duelist,49.86,11164
Abyss,Radiant,Reyna,Duelist,49.76,3501
Abyss,Radiant,Neon,Duelist,49.65,1001
Abyss,Radiant,Yoru,Duelist,49.47,3408
Abyss,Radiant,Clove,Controller,48.71,9557
Abyss,Radiant,KAY/O,Initiator,47.87,445
Abyss,Radiant,Tejo,Initiator,47.41,2065
Abyss,Radiant,Cypher,Sentinel,46.81,4112
Abyss,Radiant,Omen,Controller,45.97,1042
Abyss,Radiant,Chamber,Sentinel,43.0,1293
Abyss,Radiant,Raze,Duelist,41.98,81
Abyss,Radiant,Breach,Initiator,40.4,151
Abyss,Radiant,Skye,Initiator,36.84,38
Abyss,Radiant,Fade,Initiator,18.75,80
Abyss,Radiant,Viper,Controller,18.18,88
Abyss,Radiant,Killjoy,Sentinel,2.82,71
Abyss,Radiant,Harbor,Controller,0.0,41
Bind,ALL,Clove,Controller,52.0,669854
Bind,ALL,Deadlock,Sentinel,51.27,188226
Bind,ALL,Sage,Sentinel,50.73,363016
Bind,ALL,Reyna,Duelist,50.59,670956
Bind,ALL,Gekko,Initiator,50.57,236473
Bind,ALL,Phoenix,Duelist,50.36,195335
Bind,ALL,Vyse,Sentinel,50.3,62804
Bind,ALL,Raze,Duelist,50.28,483904
Bind,ALL,Fade,Initiator,50.11,116031
Bind,ALL,Cypher,Sentinel,50.1,501440
Bind,ALL,Iso,Duelist,49.99,171879
Bind,ALL,Skye,Initiator,49.87,253188
Bind,ALL,Killjoy,Sentinel,49.86,121753
Bind,ALL,Jett,Duelist,49.8,482101
Bind,ALL,Neon,Duelist,49.61,152742
Bind,ALL,Chamber,Sentinel,49.6,251773
Bind,ALL,Sova,Initiator,49.56,154127
Bind,ALL,Brimstone,Controller,49.49,271880
Bind,ALL,Tejo,Initiator,49.02,383667
Bind,ALL,Breach,Initiator,48.98,101876
Bind,ALL,Yoru,Duelist,48.17,144337
Bind,ALL,Viper,Controller,47.78,46226
Bind,ALL,Omen,Controller,46.8,252289
Bind,ALL,Astra,Controller,46.25,31625
Bind,ALL,KAY/O,Initiator,46.1,72461
Bind,ALL,Harbor,Controller,43.88,14587
Bind,Iron,Killjoy,Sentinel,52.64,8905
Bind,Iron,Clove,Controller,52.52,34557
Bind,Iron,Cypher,Sentinel,51.48,26063
Bind,Iron,Reyna,Duelist,50.92,53111
Bind,Iron,Deadlock,Sentinel,50.66,10907
Bind,Iron,Breach,Initiator,50.54,5453
Bind,Iron,Gekko,Initiator,50.46,21534
Bind,Iron,Raze,Duelist,50.46,23321
Bind,Iron,Sage,Sentinel,50.27,42973
Bind,Iron,Chamber,Sentinel,50.21,13918
Bind,Iron,Brimstone,Controller,49.81,17207
Bind,Iron,Skye,Initiator,49.52,10958
Bind,Iron,Phoenix,Duelist,49.36,19388
Bind,Iron,Jett,Duelist,49.35,23640
Bind,Iron,Vyse,Sentinel,49.19,3655
Bind,Iron,Iso,Duelist,49.03,15326
Bind,Iron,Neon,Duelist,49.02,19021
Bind,Iron,Omen,Controller,48.93,26056
Bind,Iron,Sova,Initiator,48.85,13130
Bind,Iron,Tejo,Initiator,48.74,25275
Bind,Iron,Viper,Controller,48.32,5083
Bind,Iron,Astra,Controller,48.23,1692
Bind,Iron,Fade,Initiator,48.22,9342
Bind,Iron,Yoru,Duelist,47.59,18322
Bind,Iron,KAY/O,Initiator,47.58,6927
Bind,Iron,Harbor,Controller,47.18,2306
Bind,Bronze,Clove,Controller,52.45,164292
Bind,Bronze,Deadlock,Sentinel,50.95,47492
Bind,Bronze,Reyna,Duelist,50.82,208031
Bind,Bronze,Killjoy,Sentinel,50.62,39488
Bind,Bronze,Gekko,Initiator,50.61,76137
Bind,Bronze,Cypher,Sentinel,50.58,128635
Bind,Bronze,Raze,Duelist,50.56,107479
Bind,Bronze,Sage,Sentinel,50.52,139104
Bind,Bronze,Vyse,Sentinel,50.22,14137
Bind,Bronze,Jett,Duelist,50.06,111697
Bind,Bronze,Phoenix,Duelist,50.0,64025
Bind,Bronze,Fade,Initiator,49.88,33206
Bind,Bronze,Brimstone,Controller,49.86,74337
Bind,Bronze,Breach,Initiator,49.63,28430
Bind,Bronze,Skye,Initiator,49.54,52647
Bind,Bronze,Chamber,Sentinel,49.46,66147
Bind,Bronze,Iso,Duelist,49.24,55923
Bind,Bronze,Neon,Duelist,49.18,56258
Bind,Bronze,Tejo,Initiator,49.12,101174
Bind,Bronze,Sova,Initiator,49.11,45188
Bind,Bronze,Viper,Controller,47.69,15583
Bind,Bronze,Omen,Controller,47.12,91010
Bind,Bronze,Astra,Controller,47.02,8505
Bind,Bronze,Yoru,Duelist,46.78,45003
Bind,Bronze,KAY/O,Initiator,46.2,25541
Bind,Bronze,Harbor,Controller,44.37,6491
Bind,Silver,Clove,Controller,52.25,154333
Bind,Silver,Deadlock,Sentinel,51.24,42326
Bind,Silver,Phoenix,Duelist,50.81,48801
Bind,Silver,Gekko,Initiator,50.79,59039
Bind,Silver,Sage,Sentinel,50.69,93153
Bind,Silver,Reyna,Duelist,50.49,167778
Bind,Silver,Raze,Duelist,50.46,112343
Bind,Silver,Vyse,Sentinel,50.33,12917
Bind,Silver,Skye,Initiator,50.17,53165
Bind,Silver,Cypher,Sentinel,50.12,118798
Bind,Silver,Fade,Initiator,50.07,26176
Bind,Silver,Jett,Duelist,49.92,115116
Bind,Silver,Killjoy,Sentinel,49.73,34041
Bind,Silver,Brimstone,Controller,49.71,67421
Bind,Silver,Sova,Initiator,49.69,37566
Bind,Silver,Iso,Duelist,49.61,40899
Bind,Silver,Chamber,Sentinel,49.46,64239
Bind,Silver,Neon,Duelist,49.31,35750
Bind,Silver,Breach,Initiator,48.95,27481
Bind,Silver,Tejo,Initiator,48.77,90894
Bind,Silver,Yoru,Duelist,48.29,29628
Bind,Silver,Viper,Controller,46.79,10851
Bind,Silver,Omen,Controller,46.58,66512
Bind,Silver,Astra,Controller,46.25,8417
Bind,Silver,KAY/O,Initiator,46.03,19378
Bind,Silver,Harbor,Controller,42.15,3388
Bind,Gold,Clove,Controller,51.99,122933
Bind,Gold,Deadlock,Sentinel,51.51,32078
Bind,Gold,Sage,Sentinel,50.98,51855
Bind,Gold,Gekko,Initiator,50.58,40494
Bind,Gold,Fade,Initiator,50.54,19040
Bind,Gold,Phoenix,Duelist,50.51,32881
Bind,Gold,Iso,Duelist,50.49,25881
Bind,Gold,Reyna,Duelist,50.37,113493
Bind,Gold,Raze,Duelist,50.32,95191
Bind,Gold,Vyse,Sentinel,50.09,10695
Bind,Gold,Skye,Initiator,50.06,47053
Bind,Gold,Chamber,Sentinel,49.94,50758
Bind,Gold,Sova,Initiator,49.91,27204
Bind,Gold,Neon,Duelist,49.85,20639
Bind,Gold,Cypher,Sentinel,49.81,92685
Bind,Gold,Jett,Duelist,49.79,94675
Bind,Gold,Brimstone,Controller,49.52,51531
Bind,Gold,Tejo,Initiator,49.15,69998
Bind,Gold,Viper,Controller,48.77,6590
Bind,Gold,Killjoy,Sentinel,48.74,22757
Bind,Gold,Yoru,Duelist,48.54,20352
Bind,Gold,Breach,Initiator,48.51,20243
Bind,Gold,Omen,Controller,45.98,39967
Bind,Gold,Astra,Controller,45.66,6277
Bind,Gold,KAY/O,Initiator,45.28,11929
Bind,Gold,Harbor,Controller,42.26,1531
Bind,Platinum,Deadlock,Sentinel,52.01,19425
Bind,Platinum,Clove,Controller,51.78,74798
Bind,Platinum,Iso,Duelist,51.77,13327
Bind,Platinum,Vyse,Sentinel,51.71,6672
Bind,Platinum,Sage,Sentinel,51.34,22024
Bind,Platinum,Neon,Duelist,50.82,9422
Bind,Platinum,Fade,Initiator,50.61,10782
Bind,Platinum,Gekko,Initiator,50.54,20848
Bind,Platinum,Reyna,Duelist,50.34,59237
Bind,Platinum,Phoenix,Duelist,50.32,16247
Bind,Platinum,Skye,Initiator,50.12,32075
Bind,Platinum,Raze,Duelist,50.05,58230
Bind,Platinum,Jett,Duelist,49.77,57971
Bind,Platinum,Cypher,Sentinel,49.74,56757
Bind,Platinum,Sova,Initiator,49.7,14797
Bind,Platinum,Chamber,Sentinel,49.38,28405
Bind,Platinum,Yoru,Duelist,49.29,11235
Bind,Platinum,Brimstone,Controller,49.04,29354
Bind,Platinum,Tejo,Initiator,49.02,40414
Bind,Platinum,Killjoy,Sentinel,48.53,10319
Bind,Platinum,Breach,Initiator,48.07,11155
Bind,Platinum,Viper,Controller,47.07,3119
Bind,Platinum,Omen,Controller,45.71,17694
Bind,Platinum,KAY/O,Initiator,45.51,5260
Bind,Platinum,Astra,Controller,44.57,3354
Bind,Platinum,Harbor,Controller,40.82,539
Bind,Diamond,Deadlock,Sentinel,52.51,14879
Bind,Diamond,Sage,Sentinel,51.86,10376
Bind,Diamond,Iso,Duelist,51.75,9328
Bind,Diamond,Clove,Controller,51.59,58170
Bind,Diamond,Neon,Duelist,51.19,5962
Bind,Diamond,Fade,Initiator,51.03,7788
Bind,Diamond,Phoenix,Duelist,51.0,9502
Bind,Diamond,Vyse,Sentinel,50.3,5006
Bind,Diamond,Reyna,Duelist,50.29,39462
Bind,Diamond,Skye,Initiator,50.23,27395
Bind,Diamond,Gekko,Initiator,50.2,12167
Bind,Diamond,Raze,Duelist,50.16,43090
Bind,Diamond,Sova,Initiator,49.82,10165
Bind,Diamond,Jett,Duelist,49.68,43836
Bind,Diamond,Chamber,Sentinel,49.67,18352
Bind,Diamond,Cypher,Sentinel,49.57,43732
Bind,Diamond,Yoru,Duelist,49.37,8196
Bind,Diamond,Tejo,Initiator,48.68,29135
Bind,Diamond,Brimstone,Controller,48.38,19248
Bind,Diamond,Breach,Initiator,47.92,6469
Bind,Diamond,Killjoy,Sentinel,47.72,5015
Bind,Diamond,Viper,Controller,45.99,1844
Bind,Diamond,Astra,Controller,45.79,2136
Bind,Diamond,KAY/O,Initiator,44.93,2517
Bind,Diamond,Omen,Controller,44.63,8572
Bind,Diamond,Harbor,Controller,39.92,238
Bind,Ascendant,Sage,Sentinel,54.82,2720
Bind,Ascendant,Iso,Duelist,53.85,6240
Bind,Ascendant,Neon,Duelist,53.23,3466
Bind,Ascendant,Sova,Initiator,52.97,4376
Bind,Ascendant,Phoenix,Duelist,51.8,3301
Bind,Ascendant,Chamber,Sentinel,51.21,6873
Bind,Ascendant,Fade,Initiator,50.75,4589
Bind,Ascendant,Reyna,Duelist,50.72,19055
Bind,Ascendant,Clove,Controller,50.37,34717
Bind,Ascendant,Viper,Controller,50.12,1245
Bind,Ascendant,Jett,Duelist,50.0,23234
Bind,Ascendant,Tejo,Initiator,49.59,15877
Bind,Ascendant,Breach,Initiator,49.52,2165
Bind,Ascendant,Astra,Controller,49.49,780
Bind,Ascendant,Skye,Initiator,49.37,17354
Bind,Ascendant,Yoru,Duelist,49.33,5271
Bind,Ascendant,Cypher,Sentinel,49.31,22734
Bind,Ascendant,Deadlock,Sentinel,49.27,10402
Bind,Ascendant,Brimstone,Controller,49.14,8114
Bind,Ascendant,Gekko,Initiator,49.05,4310
Bind,Ascendant,Raze,Duelist,48.75,24113
Bind,Ascendant,Killjoy,Sentinel,48.53,1119
Bind,Ascendant,Vyse,Sentinel,47.85,3762
Bind,Ascendant,Omen,Controller,46.89,2073
Bind,Ascendant,KAY/O,Initiator,46.62,607
Bind,Ascendant,Harbor,Controller,39.68,63
Bind,Immortal,Harbor,Controller,68.0,25
Bind,Immortal,Sage,Sentinel,58.65,474
Bind,Immortal,Neon,Duelist,57.09,1291
Bind,Immortal,Phoenix,Duelist,54.76,683
Bind,Immortal,Viper,Controller,54.16,949
Bind,Immortal,Deadlock,Sentinel,53.05,5815
Bind,Immortal,Brimstone,Controller,52.9,2314
Bind,Immortal,Reyna,Duelist,52.85,6290
Bind,Immortal,Vyse,Sentinel,51.72,2879
Bind,Immortal,Killjoy,Sentinel,51.65,91
Bind,Immortal,Iso,Duelist,50.79,3107
Bind,Immortal,Fade,Initiator,50.34,2356
Bind,Immortal,Yoru,Duelist,50.33,2903
Bind,Immortal,Raze,Duelist,50.26,10860
Bind,Immortal,Tejo,Initiator,49.94,6320
Bind,Immortal,Clove,Controller,49.73,14727
Bind,Immortal,Skye,Initiator,49.69,6977
Bind,Immortal,Jett,Duelist,47.21,7033
Bind,Immortal,Cypher,Sentinel,47.1,7159
Bind,Immortal,Gekko,Initiator,45.88,1031
Bind,Immortal,Sova,Initiator,44.47,1057
Bind,Immortal,Chamber,Sentinel,43.25,1660
Bind,Immortal,Breach,Initiator,43.12,276
Bind,Immortal,Omen,Controller,42.99,221
Bind,Immortal,KAY/O,Initiator,42.51,167
Bind,Immortal,Astra,Controller,40.0,245
Bind,Radiant,Killjoy,Sentinel,94.44,18
Bind,Radiant,KAY/O,Initiator,80.74,135
Bind,Radiant,Yoru,Duelist,55.97,3427
Bind,Radiant,Breach,Initiator,55.39,204
Bind,Radiant,Phoenix,Duelist,54.64,507
Bind,Radiant,Sage,Sentinel,54.6,337
Bind,Radiant,Gekko,Initiator,54.0,913
Bind,Radiant,Clove,Controller,52.06,11327
Bind,Radiant,Sova,Initiator,52.02,644
Bind,Radiant,Cypher,Sentinel,51.65,4877
Bind,Radiant,Vyse,Sentinel,51.22,3081
Bind,Radiant,Fade,Initiator,50.69,2752
Bind,Radiant,Tejo,Initiator,50.35,4580
Bind,Radiant,Raze,Duelist,50.03,9277
Bind,Radiant,Deadlock,Sentinel,50.0,4902
Bind,Radiant,Omen,Controller,48.37,184
Bind,Radiant,Skye,Initiator,47.97,5564
Bind,Radiant,Jett,Duelist,47.76,4899
Bind,Radiant,Viper,Controller,47.3,962
Bind,Radiant,Reyna,Duelist,47.21,4499
Bind,Radiant,Neon,Duelist,47.16,933
Bind,Radiant,Chamber,Sentinel,46.66,1421
Bind,Radiant,Iso,Duelist,45.78,1848
Bind,Radiant,Astra,Controller,44.29,219
Bind,Radiant,Brimstone,Controller,41.59,2354
Bind,Radiant,Harbor,Controller,0.0,6
Fracture,ALL,Clove,Controller,52.7,534517
Fracture,ALL,Reyna,Duelist,50.85,638079
Fracture,ALL,Deadlock,Sentinel,50.63,146648
Fracture,ALL,Sage,Sentinel,50.58,334724
Fracture,ALL,Jett,Duelist,50.47,529988
Fracture,ALL,Phoenix,Duelist,50.39,169363
Fracture,ALL,Killjoy,Sentinel,50.22,238909
Fracture,ALL,Neon,Duelist,50.15,205476
Fracture,ALL,Brimstone,Controller,50.14,272033
Fracture,ALL,Chamber,Sentinel,50.11,304456
Fracture,ALL,Cypher,Sentinel,50.02,258731
Fracture,ALL,Vyse,Sentinel,49.93,53266
Fracture,ALL,Iso,Duelist,49.88,183144
Fracture,ALL,Gekko,Initiator,49.85,172865
Fracture,ALL,Breach,Initiator,49.82,278357
Fracture,ALL,Fade,Initiator,49.69,94025
Fracture,ALL,Skye,Initiator,49.56,117246
Fracture,ALL,Tejo,Initiator,49.38,399788
Fracture,ALL,Raze,Duelist,49.34,245532
Fracture,ALL,Sova,Initiator,48.22,114801
Fracture,ALL,Viper,Controller,47.5,55690
Fracture,ALL,Yoru,Duelist,47.04,119041
Fracture,ALL,KAY/O,Initiator,46.86,86372
Fracture,ALL,Astra,Controller,46.45,48050
Fracture,ALL,Omen,Controller,46.24,232628
Fracture,ALL,Harbor,Controller,45.01,27081
Fracture,Iron,Clove,Controller,53.68,30686
Fracture,Iron,Reyna,Duelist,51.32,46993
Fracture,Iron,Killjoy,Sentinel,51.27,10016
Fracture,Iron,Deadlock,Sentinel,50.97,10114
Fracture,Iron,Vyse,Sentinel,50.88,3473
Fracture,Iron,Sage,Sentinel,50.47,37837
Fracture,Iron,Chamber,Sentinel,50.41,13258
Fracture,Iron,Raze,Duelist,50.21,16253
Fracture,Iron,Jett,Duelist,50.17,22318
Fracture,Iron,Gekko,Initiator,50.16,18212
Fracture,Iron,Cypher,Sentinel,49.97,16050
Fracture,Iron,Breach,Initiator,49.75,6731
Fracture,Iron,Neon,Duelist,49.74,18266
Fracture,Iron,Skye,Initiator,49.7,9102
Fracture,Iron,Brimstone,Controller,49.41,13167
Fracture,Iron,Iso,Duelist,49.32,15025
Fracture,Iron,Fade,Initiator,49.26,8210
Fracture,Iron,Phoenix,Duelist,49.09,17119
Fracture,Iron,Tejo,Initiator,48.94,23200
Fracture,Iron,KAY/O,Initiator,47.97,7182
Fracture,Iron,Sova,Initiator,47.86,11912
Fracture,Iron,Omen,Controller,47.79,22507
Fracture,Iron,Viper,Controller,47.75,4679
Fracture,Iron,Harbor,Controller,47.59,2755
Fracture,Iron,Yoru,Duelist,46.96,15613
Fracture,Iron,Astra,Controller,46.84,1772
Fracture,Bronze,Clove,Controller,52.98,140495
Fracture,Bronze,Reyna,Duelist,51.0,188613
Fracture,Bronze,Killjoy,Sentinel,50.77,52316
Fracture,Bronze,Jett,Duelist,50.62,110377
Fracture,Bronze,Sage,Sentinel,50.52,125096
Fracture,Bronze,Chamber,Sentinel,50.52,68877
Fracture,Bronze,Deadlock,Sentinel,50.36,43860
Fracture,Bronze,Breach,Initiator,50.18,45377
Fracture,Bronze,Phoenix,Duelist,50.17,55609
Fracture,Bronze,Vyse,Sentinel,50.09,13868
Fracture,Bronze,Gekko,Initiator,50.09,60932
Fracture,Bronze,Brimstone,Controller,49.97,58256
Fracture,Bronze,Cypher,Sentinel,49.9,67162
Fracture,Bronze,Neon,Duelist,49.75,61621
Fracture,Bronze,Raze,Duelist,49.56,61716
Fracture,Bronze,Skye,Initiator,49.45,37759
Fracture,Bronze,Fade,Initiator,49.38,26766
Fracture,Bronze,Iso,Duelist,49.36,57133
Fracture,Bronze,Tejo,Initiator,49.05,96972
Fracture,Bronze,Sova,Initiator,48.46,38381
Fracture,Bronze,KAY/O,Initiator,47.6,27222
Fracture,Bronze,Viper,Controller,47.54,16143
Fracture,Bronze,Astra,Controller,46.84,10240
Fracture,Bronze,Harbor,Controller,46.64,9765
Fracture,Bronze,Omen,Controller,46.59,79682
Fracture,Bronze,Yoru,Duelist,46.44,39312
Fracture,Silver,Clove,Controller,52.77,142571
Fracture,Silver,Reyna,Duelist,50.86,176204
Fracture,Silver,Jett,Duelist,50.7,136781
Fracture,Silver,Phoenix,Duelist,50.69,47183
Fracture,Silver,Sage,Sentinel,50.54,97211
Fracture,Silver,Brimstone,Controller,50.25,66405
Fracture,Silver,Chamber,Sentinel,50.23,80880
Fracture,Silver,Breach,Initiator,50.2,65488
Fracture,Silver,Killjoy,Sentinel,50.19,62514
Fracture,Silver,Cypher,Sentinel,50.17,65793
Fracture,Silver,Deadlock,Sentinel,50.15,41245
Fracture,Silver,Neon,Duelist,49.87,52954
Fracture,Silver,Fade,Initiator,49.76,23516
Fracture,Silver,Vyse,Sentinel,49.6,13480
Fracture,Silver,Gekko,Initiator,49.57,48615
Fracture,Silver,Tejo,Initiator,49.5,102317
Fracture,Silver,Skye,Initiator,49.4,34277
Fracture,Silver,Iso,Duelist,49.38,48540
Fracture,Silver,Raze,Duelist,49.18,61901
Fracture,Silver,Sova,Initiator,48.17,32010
Fracture,Silver,Viper,Controller,47.47,14978
Fracture,Silver,Astra,Controller,46.91,13044
Fracture,Silver,KAY/O,Initiator,46.61,24681
Fracture,Silver,Yoru,Duelist,46.58,28968
Fracture,Silver,Omen,Controller,46.28,67259
Fracture,Silver,Harbor,Controller,44.35,7865
Fracture,Gold,Clove,Controller,52.68,95527
Fracture,Gold,Reyna,Duelist,50.69,110007
Fracture,Gold,Neon,Duelist,50.66,32652
Fracture,Gold,Phoenix,Duelist,50.6,26479
Fracture,Gold,Sage,Sentinel,50.57,46877
Fracture,Gold,Jett,Duelist,50.55,106714
Fracture,Gold,Brimstone,Controller,50.48,52123
Fracture,Gold,Deadlock,Sentinel,50.37,25814
Fracture,Gold,Fade,Initiator,50.36,15311
Fracture,Gold,Killjoy,Sentinel,50.2,48078
Fracture,Gold,Vyse,Sentinel,50.05,9239
Fracture,Gold,Iso,Duelist,49.96,28935
Fracture,Gold,Chamber,Sentinel,49.95,62185
Fracture,Gold,Cypher,Sentinel,49.87,45104
Fracture,Gold,Breach,Initiator,49.86,57192
Fracture,Gold,Skye,Initiator,49.76,20182
Fracture,Gold,Gekko,Initiator,49.74,26556
Fracture,Gold,Tejo,Initiator,49.35,74128
Fracture,Gold,Raze,Duelist,49.05,43267
Fracture,Gold,Sova,Initiator,48.04,18072
Fracture,Gold,Viper,Controller,47.7,9974
Fracture,Gold,Yoru,Duelist,47.22,16582
Fracture,Gold,KAY/O,Initiator,46.48,14762
Fracture,Gold,Astra,Controller,46.47,10335
Fracture,Gold,Omen,Controller,45.56,37484
Fracture,Gold,Harbor,Controller,43.45,4051
Fracture,Platinum,Clove,Controller,52.43,52049
Fracture,Platinum,Deadlock,Sentinel,51.23,12822
Fracture,Platinum,Phoenix,Duelist,51.1,12329
Fracture,Platinum,Iso,Duelist,50.8,14275
Fracture,Platinum,Sage,Sentinel,50.69,17530
Fracture,Platinum,Reyna,Duelist,50.64,55744
Fracture,Platinum,Brimstone,Controller,50.58,33641
Fracture,Platinum,Jett,Duelist,50.23,65425
Fracture,Platinum,Chamber,Sentinel,50.08,36228
Fracture,Platinum,Neon,Duelist,50.02,17078
Fracture,Platinum,Fade,Initiator,49.97,8727
Fracture,Platinum,Breach,Initiator,49.89,39257
Fracture,Platinum,Killjoy,Sentinel,49.88,29131
Fracture,Platinum,Cypher,Sentinel,49.73,26005
Fracture,Platinum,Raze,Duelist,49.71,24860
Fracture,Platinum,Vyse,Sentinel,49.62,4946
Fracture,Platinum,Gekko,Initiator,49.48,11572
Fracture,Platinum,Tejo,Initiator,49.3,43357
Fracture,Platinum,Skye,Initiator,49.29,9201
Fracture,Platinum,Sova,Initiator,48.44,8202
Fracture,Platinum,Yoru,Duelist,48.42,8021
Fracture,Platinum,Viper,Controller,47.68,5420
Fracture,Platinum,KAY/O,Initiator,45.93,6913
Fracture,Platinum,Astra,Controller,45.72,6166
Fracture,Platinum,Omen,Controller,45.29,16117
Fracture,Platinum,Harbor,Controller,39.72,1644
Fracture,Diamond,Clove,Controller,52.47,35977
Fracture,Diamond,Deadlock,Sentinel,52.05,7754
Fracture,Diamond,Iso,Duelist,51.61,9428
Fracture,Diamond,Vyse,Sentinel,51.37,3239
Fracture,Diamond,Neon,Duelist,51.27,11325
Fracture,Diamond,Phoenix,Duelist,51.22,6630
Fracture,Diamond,Sage,Sentinel,50.94,7308
Fracture,Diamond,Fade,Initiator,50.8,5789
Fracture,Diamond,Cypher,Sentinel,50.51,18478
Fracture,Diamond,Skye,Initiator,50.41,4916
Fracture,Diamond,Reyna,Duelist,50.36,34879
Fracture,Diamond,Jett,Duelist,50.01,48159
Fracture,Diamond,Gekko,Initiator,50.0,5378
Fracture,Diamond,Brimstone,Controller,49.75,24739
Fracture,Diamond,Tejo,Initiator,49.68,30597
Fracture,Diamond,Raze,Duelist,49.56,16908
Fracture,Diamond,Breach,Initiator,49.52,31043
Fracture,Diamond,Killjoy,Sentinel,49.33,20635
Fracture,Diamond,Chamber,Sentinel,49.32,24307
Fracture,Diamond,Sova,Initiator,48.5,4128
Fracture,Diamond,Yoru,Duelist,47.16,4890
Fracture,Diamond,Viper,Controller,46.67,3255
Fracture,Diamond,KAY/O,Initiator,46.1,3742
Fracture,Diamond,Astra,Controller,45.71,4041
Fracture,Diamond,Omen,Controller,43.89,7493
Fracture,Diamond,Harbor,Controller,42.55,792
Fracture,Ascendant,Deadlock,Sentinel,52.38,3656
Fracture,Ascendant,Phoenix,Duelist,51.8,2695
Fracture,Ascendant,Neon,Duelist,51.77,6697
Fracture,Ascendant,Iso,Duelist,51.62,6013
Fracture,Ascendant,Vyse,Sentinel,51.57,2263
Fracture,Ascendant,Clove,Controller,51.41,21258
Fracture,Ascendant,Skye,Initiator,51.01,1484
Fracture,Ascendant,Sage,Sentinel,51.0,2110
Fracture,Ascendant,Reyna,Duelist,50.75,16588
Fracture,Ascendant,Jett,Duelist,50.43,25747
Fracture,Ascendant,Killjoy,Sentinel,50.32,10596
Fracture,Ascendant,Chamber,Sentinel,50.17,11209
Fracture,Ascendant,Breach,Initiator,49.69,19204
Fracture,Ascendant,Tejo,Initiator,49.48,16656
Fracture,Ascendant,Brimstone,Controller,49.25,13777
Fracture,Ascendant,Cypher,Sentinel,49.07,11126
Fracture,Ascendant,Yoru,Duelist,48.97,2673
Fracture,Ascendant,Gekko,Initiator,48.58,1412
Fracture,Ascendant,Raze,Duelist,48.35,10244
Fracture,Ascendant,Fade,Initiator,48.08,3226
Fracture,Ascendant,Harbor,Controller,46.34,164
Fracture,Ascendant,Viper,Controller,45.99,1009
Fracture,Ascendant,KAY/O,Initiator,45.97,1403
Fracture,Ascendant,Sova,Initiator,44.72,1364
Fracture,Ascendant,Astra,Controller,44.55,1753
Fracture,Ascendant,Omen,Controller,43.82,1773
Fracture,Immortal,Deadlock,Sentinel,59.98,902
Fracture,Immortal,Sage,Sentinel,58.52,405
Fracture,Immortal,Sova,Initiator,58.5,412
Fracture,Immortal,Gekko,Initiator,56.48,108
Fracture,Immortal,Iso,Duelist,55.13,2182
Fracture,Immortal,Tejo,Initiator,51.7,6501
Fracture,Immortal,Cypher,Sentinel,51.58,4779
Fracture,Immortal,Clove,Controller,51.25,8948
Fracture,Immortal,Phoenix,Duelist,51.03,776
Fracture,Immortal,Raze,Duelist,50.92,5179
Fracture,Immortal,Jett,Duelist,50.87,8066
Fracture,Immortal,Neon,Duelist,50.72,2575
Fracture,Immortal,Brimstone,Controller,50.62,4878
Fracture,Immortal,Killjoy,Sentinel,49.69,3190
Fracture,Immortal,Reyna,Duelist,49.15,5416
Fracture,Immortal,Vyse,Sentinel,47.79,1243
Fracture,Immortal,Chamber,Sentinel,47.22,3708
Fracture,Immortal,Astra,Controller,46.69,332
Fracture,Immortal,Yoru,Duelist,45.85,1433
Fracture,Immortal,Breach,Initiator,45.61,7284
Fracture,Immortal,Fade,Initiator,45.42,1354
Fracture,Immortal,Skye,Initiator,41.29,201
Fracture,Immortal,Viper,Controller,40.15,132
Fracture,Immortal,KAY/O,Initiator,38.89,288
Fracture,Immortal,Harbor,Controller,30.43,23
Fracture,Immortal,Omen,Controller,30.22,225
Fracture,Radiant,Sage,Sentinel,68.86,350
Fracture,Radiant,Skye,Initiator,63.71,124
Fracture,Radiant,Yoru,Duelist,59.85,1549
Fracture,Radiant,Iso,Duelist,55.55,1613
Fracture,Radiant,Viper,Controller,55.0,100
Fracture,Radiant,Gekko,Initiator,53.75,80
Fracture,Radiant,Neon,Duelist,53.03,2308
Fracture,Radiant,Deadlock,Sentinel,52.6,481
Fracture,Radiant,Reyna,Duelist,51.99,3635
Fracture,Radiant,Cypher,Sentinel,51.79,4234
Fracture,Radiant,Fade,Initiator,51.15,1126
Fracture,Radiant,Tejo,Initiator,50.84,6060
Fracture,Radiant,Clove,Controller,50.26,7006
Fracture,Radiant,Brimstone,Controller,49.77,5047
Fracture,Radiant,Chamber,Sentinel,49.47,3804
Fracture,Radiant,Breach,Initiator,49.34,6781
Fracture,Radiant,Jett,Duelist,48.49,6401
Fracture,Radiant,Killjoy,Sentinel,46.98,2433
Fracture,Radiant,Omen,Controller,46.59,88
Fracture,Radiant,Raze,Duelist,46.14,5204
Fracture,Radiant,Astra,Controller,46.05,367
Fracture,Radiant,Vyse,Sentinel,45.61,1515
Fracture,Radiant,Phoenix,Duelist,43.65,543
Fracture,Radiant,Sova,Initiator,41.25,320
Fracture,Radiant,KAY/O,Initiator,25.7,179
Fracture,Radiant,Harbor,Controller,9.09,22
Haven,ALL,Clove,Controller,52.56,631205
Haven,ALL,Deadlock,Sentinel,50.84,106030
Haven,ALL,Phoenix,Duelist,50.66,207795
Haven,ALL,Sage,Sentinel,50.65,407487
Haven,ALL,Reyna,Duelist,50.47,697421
Haven,ALL,Killjoy,Sentinel,50.45,239118
Haven,ALL,Gekko,Initiator,50.33,175875
Haven,ALL,Sova,Initiator,50.31,397674
Haven,ALL,Breach,Initiator,50.23,145039
Haven,ALL,Jett,Duelist,50.2,682857
Haven,ALL,Vyse,Sentinel,50.15,47207
Haven,ALL,Cypher,Sentinel,50.15,386415
Haven,ALL,Iso,Duelist,50.1,200090
Haven,ALL,Neon,Duelist,49.93,185237
Haven,ALL,Fade,Initiator,49.76,72523
Haven,ALL,Raze,Duelist,49.6,184065
Haven,ALL,Chamber,Sentinel,49.44,277781
Haven,ALL,Skye,Initiator,49.4,121770
Haven,ALL,Brimstone,Controller,48.86,123682
Haven,ALL,Tejo,Initiator,48.38,329537
Haven,ALL,Yoru,Duelist,48.04,122165
Haven,ALL,Omen,Controller,47.33,432238
Haven,ALL,KAY/O,Initiator,46.91,82438
Haven,ALL,Viper,Controller,46.67,25219
Haven,ALL,Astra,Controller,46.46,37808
Haven,ALL,Harbor,Controller,42.9,13894
Haven,Iron,Clove,Controller,53.15,34923
Haven,Iron,Breach,Initiator,51.26,6028
Haven,Iron,Killjoy,Sentinel,51.11,10604
Haven,Iron,Deadlock,Sentinel,51.05,9749
Haven,Iron,Cypher,Sentinel,50.95,21765
Haven,Iron,Gekko,Initiator,50.83,20372
Haven,Iron,Reyna,Duelist,50.79,53527
Haven,Iron,Raze,Duelist,50.76,18470
Haven,Iron,Sage,Sentinel,50.45,44965
Haven,Iron,Jett,Duelist,49.83,27945
Haven,Iron,Vyse,Sentinel,49.71,3740
Haven,Iron,Chamber,Sentinel,49.56,15447
Haven,Iron,Phoenix,Duelist,49.52,19168
Haven,Iron,Skye,Initiator,49.33,9412
Haven,Iron,Fade,Initiator,49.32,8544
Haven,Iron,Iso,Duelist,49.24,16262
Haven,Iron,Neon,Duelist,49.08,20445
Haven,Iron,Sova,Initiator,48.92,16769
Haven,Iron,KAY/O,Initiator,48.81,7306
Haven,Iron,Omen,Controller,48.68,30251
Haven,Iron,Tejo,Initiator,48.62,24850
Haven,Iron,Brimstone,Controller,48.03,13592
Haven,Iron,Yoru,Duelist,47.89,17610
Haven,Iron,Harbor,Controller,47.63,2362
Haven,Iron,Viper,Controller,47.51,4344
Haven,Iron,Astra,Controller,46.14,1890
Haven,Bronze,Clove,Controller,52.58,163366
Haven,Bronze,Reyna,Duelist,50.74,212017
Haven,Bronze,Gekko,Initiator,50.72,66613
Haven,Bronze,Killjoy,Sentinel,50.72,52954
Haven,Bronze,Deadlock,Sentinel,50.69,37437
Haven,Bronze,Jett,Duelist,50.55,142532
Haven,Bronze,Sage,Sentinel,50.53,153567
Haven,Bronze,Breach,Initiator,50.37,33944
Haven,Bronze,Cypher,Sentinel,50.32,96250
Haven,Bronze,Phoenix,Duelist,50.2,63639
Haven,Bronze,Sova,Initiator,50.13,72500
Haven,Bronze,Vyse,Sentinel,49.93,14128
Haven,Bronze,Neon,Duelist,49.71,63562
Haven,Bronze,Chamber,Sentinel,49.66,75179
Haven,Bronze,Raze,Duelist,49.58,62017
Haven,Bronze,Iso,Duelist,49.52,61729
Haven,Bronze,Fade,Initiator,49.28,26283
Haven,Bronze,Skye,Initiator,49.14,38793
Haven,Bronze,Brimstone,Controller,48.97,46786
Haven,Bronze,Tejo,Initiator,48.47,96680
Haven,Bronze,Omen,Controller,47.77,120297
Haven,Bronze,Yoru,Duelist,47.35,40956
Haven,Bronze,KAY/O,Initiator,47.28,28579
Haven,Bronze,Astra,Controller,47.1,9687
Haven,Bronze,Viper,Controller,46.68,10959
Haven,Bronze,Harbor,Controller,42.46,6296
Haven,Silver,Clove,Controller,52.81,147435
Haven,Silver,Phoenix,Duelist,50.82,48957
Haven,Silver,Sage,Sentinel,50.62,104276
Haven,Silver,Deadlock,Sentinel,50.57,26779
Haven,Silver,Sova,Initiator,50.48,80996
Haven,Silver,Killjoy,Sentinel,50.44,55929
Haven,Silver,Reyna,Duelist,50.44,171637
Haven,Silver,Jett,Duelist,50.33,158193
Haven,Silver,Breach,Initiator,50.31,36859
Haven,Silver,Vyse,Sentinel,50.26,11752
Haven,Silver,Cypher,Sentinel,50.21,87829
Haven,Silver,Gekko,Initiator,50.15,45260
Haven,Silver,Iso,Duelist,50.02,46555
Haven,Silver,Fade,Initiator,50.01,17332
Haven,Silver,Neon,Duelist,49.97,43332
Haven,Silver,Skye,Initiator,49.7,30847
Haven,Silver,Chamber,Sentinel,49.43,72079
Haven,Silver,Raze,Duelist,49.32,46937
Haven,Silver,Brimstone,Controller,48.68,32043
Haven,Silver,Tejo,Initiator,48.38,82144
Haven,Silver,Yoru,Duelist,47.72,25995
Haven,Silver,Omen,Controller,47.31,107316
Haven,Silver,Astra,Controller,46.95,9718
Haven,Silver,KAY/O,Initiator,46.3,22096
Haven,Silver,Viper,Controller,46.15,5781
Haven,Silver,Harbor,Controller,41.77,3093
Haven,Gold,Clove,Controller,52.57,118828
Haven,Gold,Phoenix,Duelist,50.99,36297
Haven,Gold,Deadlock,Sentinel,50.94,17775
Haven,Gold,Sage,Sentinel,50.83,65712
Haven,Gold,Vyse,Sentinel,50.79,8529
Haven,Gold,Sova,Initiator,50.75,77091
Haven,Gold,Fade,Initiator,50.67,11551
Haven,Gold,Breach,Initiator,50.46,31925
Haven,Gold,Killjoy,Sentinel,50.37,47658
Haven,Gold,Reyna,Duelist,50.33,124195
Haven,Gold,Neon,Duelist,50.27,28382
Haven,Gold,Jett,Duelist,50.19,143192
Haven,Gold,Iso,Duelist,50.09,32554
Haven,Gold,Gekko,Initiator,50.03,27749
Haven,Gold,Cypher,Sentinel,49.91,70757
Haven,Gold,Raze,Duelist,49.44,31969
Haven,Gold,Brimstone,Controller,49.41,19245
Haven,Gold,Chamber,Sentinel,49.2,58768
Haven,Gold,Skye,Initiator,48.89,22411
Haven,Gold,Yoru,Duelist,48.47,17190
Haven,Gold,Tejo,Initiator,48.11,61094
Haven,Gold,Omen,Controller,47.07,83471
Haven,Gold,Viper,Controller,46.62,2690
Haven,Gold,Astra,Controller,46.39,8142
Haven,Gold,KAY/O,Initiator,46.38,14655
Haven,Gold,Harbor,Controller,41.71,1400
Haven,Platinum,Clove,Controller,52.55,64230
Haven,Platinum,Phoenix,Duelist,51.45,18215
Haven,Platinum,Deadlock,Sentinel,51.02,7627
Haven,Platinum,Sage,Sentinel,50.95,24457
Haven,Platinum,Sova,Initiator,50.68,51170
Haven,Platinum,Neon,Duelist,50.39,12736
Haven,Platinum,Cypher,Sentinel,50.33,40622
Haven,Platinum,Reyna,Duelist,50.32,61050
Haven,Platinum,Jett,Duelist,50.17,84385
Haven,Platinum,Killjoy,Sentinel,50.05,28575
Haven,Platinum,Iso,Duelist,49.95,16052
Haven,Platinum,Vyse,Sentinel,49.87,4161
Haven,Platinum,Raze,Duelist,49.84,14037
Haven,Platinum,Fade,Initiator,49.74,5064
Haven,Platinum,Breach,Initiator,49.69,17489
Haven,Platinum,Skye,Initiator,49.25,11099
Haven,Platinum,Chamber,Sentinel,49.16,29765
Haven,Platinum,Gekko,Initiator,48.55,10463
Haven,Platinum,Tejo,Initiator,48.29,29989
Haven,Platinum,Yoru,Duelist,48.29,8210
Haven,Platinum,Brimstone,Controller,48.27,7274
Haven,Platinum,KAY/O,Initiator,47.35,6042
Haven,Platinum,Omen,Controller,46.93,44104
Haven,Platinum,Astra,Controller,46.78,4130
Haven,Platinum,Viper,Controller,45.89,887
Haven,Platinum,Harbor,Controller,41.36,457
Haven,Diamond,Clove,Controller,52.31,50042
Haven,Diamond,Iso,Duelist,52.28,11635
Haven,Diamond,Skye,Initiator,51.3,6987
Haven,Diamond,Deadlock,Sentinel,51.25,4435
Haven,Diamond,Viper,Controller,51.06,331
Haven,Diamond,Vyse,Sentinel,51.01,2572
Haven,Diamond,Fade,Initiator,50.96,2714
Haven,Diamond,Phoenix,Duelist,50.76,12286
Haven,Diamond,Sage,Sentinel,50.74,11123
Haven,Diamond,Neon,Duelist,50.65,8429
Haven,Diamond,Killjoy,Sentinel,50.46,23039
Haven,Diamond,Sova,Initiator,50.28,45067
Haven,Diamond,Reyna,Duelist,50.11,41861
Haven,Diamond,Gekko,Initiator,50.03,4473
Haven,Diamond,Cypher,Sentinel,49.99,32635
Haven,Diamond,Jett,Duelist,49.96,66098
Haven,Diamond,Brimstone,Controller,49.45,3567
Haven,Diamond,Chamber,Sentinel,49.13,18552
Haven,Diamond,Breach,Initiator,48.81,11878
Haven,Diamond,Raze,Duelist,48.63,7746
Haven,Diamond,Yoru,Duelist,48.43,5447
Haven,Diamond,Tejo,Initiator,48.31,20605
Haven,Diamond,Omen,Controller,46.52,28974
Haven,Diamond,Astra,Controller,46.17,2686
Haven,Diamond,KAY/O,Initiator,46.1,2894
Haven,Diamond,Harbor,Controller,39.67,184
Haven,Ascendant,Sage,Sentinel,56.09,2724
Haven,Ascendant,Deadlock,Sentinel,54.74,1626
Haven,Ascendant,Gekko,Initiator,53.8,842
Haven,Ascendant,Iso,Duelist,53.69,7917
Haven,Ascendant,Neon,Duelist,52.98,4862
Haven,Ascendant,Phoenix,Duelist,52.72,5580
Haven,Ascendant,Yoru,Duelist,52.18,2961
Haven,Ascendant,Clove,Controller,52.0,29934
Haven,Ascendant,Chamber,Sentinel,50.83,6187
Haven,Ascendant,Breach,Initiator,50.65,4496
Haven,Ascendant,Raze,Duelist,50.64,2342
Haven,Ascendant,Brimstone,Controller,50.48,935
Haven,Ascendant,Reyna,Duelist,49.6,21210
Haven,Ascendant,Sova,Initiator,49.56,29718
Haven,Ascendant,Vyse,Sentinel,49.41,1265
Haven,Ascendant,Cypher,Sentinel,49.34,20018
Haven,Ascendant,Jett,Duelist,49.25,36058
Haven,Ascendant,Killjoy,Sentinel,49.23,12472
Haven,Ascendant,Tejo,Initiator,49.09,9904
Haven,Ascendant,Skye,Initiator,47.78,1913
Haven,Ascendant,Fade,Initiator,46.43,827
Haven,Ascendant,Omen,Controller,44.96,11752
Haven,Ascendant,KAY/O,Initiator,42.61,683
Haven,Ascendant,Astra,Controller,41.92,1009
Haven,Ascendant,Viper,Controller,39.6,101
Haven,Ascendant,Harbor,Controller,31.82,44
Haven,Immortal,Skye,Initiator,64.85,202
Haven,Immortal,Harbor,Controller,62.5,16
Haven,Immortal,Raze,Duelist,56.64,369
Haven,Immortal,Phoenix,Duelist,55.4,2137
Haven,Immortal,Vyse,Sentinel,52.2,546
Haven,Immortal,Breach,Initiator,51.46,1304
Haven,Immortal,Clove,Controller,51.25,12880
Haven,Immortal,Brimstone,Controller,51.18,127
Haven,Immortal,Cypher,Sentinel,51.08,8918
Haven,Immortal,Iso,Duelist,50.91,4253
Haven,Immortal,Fade,Initiator,50.62,81
Haven,Immortal,Reyna,Duelist,50.03,7223
Haven,Immortal,Sova,Initiator,49.87,13517
Haven,Immortal,Jett,Duelist,49.76,13735
Haven,Immortal,Killjoy,Sentinel,49.46,4705
Haven,Immortal,Deadlock,Sentinel,49.06,424
Haven,Immortal,Yoru,Duelist,48.83,1708
Haven,Immortal,Tejo,Initiator,48.44,2822
Haven,Immortal,Chamber,Sentinel,48.11,1139
Haven,Immortal,Neon,Duelist,46.44,2035
Haven,Immortal,Omen,Controller,45.79,3293
Haven,Immortal,Viper,Controller,43.21,81
Haven,Immortal,Sage,Sentinel,38.59,368
Haven,Immortal,Astra,Controller,37.06,340
Haven,Immortal,KAY/O,Initiator,31.63,98
Haven,Immortal,Gekko,Initiator,30.34,89
Haven,Radiant,Brimstone,Controller,65.49,113
Haven,Radiant,KAY/O,Initiator,61.18,85
Haven,Radiant,Skye,Initiator,59.43,106
Haven,Radiant,Fade,Initiator,56.69,127
Haven,Radiant,Yoru,Duelist,55.03,2088
Haven,Radiant,Killjoy,Sentinel,54.84,3182
Haven,Radiant,Deadlock,Sentinel,54.49,178
Haven,Radiant,Chamber,Sentinel,52.93,665
Haven,Radiant,Sage,Sentinel,52.88,295
Haven,Radiant,Breach,Initiator,51.43,1116
Haven,Radiant,Clove,Controller,50.84,9567
Haven,Radiant,Neon,Duelist,50.34,1454
Haven,Radiant,Sova,Initiator,50.08,10846
Haven,Radiant,Jett,Duelist,50.0,10719
Haven,Radiant,Iso,Duelist,49.57,3133
Haven,Radiant,Reyna,Duelist,49.03,4701
Haven,Radiant,Omen,Controller,48.67,2780
Haven,Radiant,Cypher,Sentinel,48.01,7621
Haven,Radiant,Tejo,Initiator,47.48,1449
Haven,Radiant,Phoenix,Duelist,46.7,1516
Haven,Radiant,Vyse,Sentinel,43.97,514
Haven,Radiant,Viper,Controller,40.0,45
Haven,Radiant,Raze,Duelist,38.76,178
Haven,Radiant,Astra,Controller,33.5,206
Haven,Radiant,Gekko,Initiator,7.14,14
Haven,Radiant,Harbor,Controller,0.0,42
Lotus,ALL,Clove,Controller,52.57,585375
Lotus,ALL,Deadlock,Sentinel,50.83,120912
Lotus,ALL,Fade,Initiator,50.74,146554
Lotus,ALL,Neon,Duelist,50.49,165937
Lotus,ALL,Sage,Sentinel,50.42,295249
Lotus,ALL,Reyna,Duelist,50.4,573887
Lotus,ALL,Raze,Duelist,50.39,356781
Lotus,ALL,Chamber,Sentinel,50.39,327694
Lotus,ALL,Vyse,Sentinel,50.29,63408
Lotus,ALL,Gekko,Initiator,50.29,243044
Lotus,ALL,Iso,Duelist,50.27,171519
Lotus,ALL,Phoenix,Duelist,50.17,142298
Lotus,ALL,Breach,Initiator,50.17,162469
Lotus,ALL,Jett,Duelist,50.16,451023
Lotus,ALL,Killjoy,Sentinel,50.05,207735
Lotus,ALL,Skye,Initiator,49.67,119487
Lotus,ALL,Sova,Initiator,49.28,103011
Lotus,ALL,Cypher,Sentinel,49.27,222017
Lotus,ALL,Tejo,Initiator,48.68,318070
Lotus,ALL,Brimstone,Controller,48.21,87438
Lotus,ALL,Yoru,Duelist,47.66,101309
Lotus,ALL,Viper,Controller,47.22,34432
Lotus,ALL,Omen,Controller,47.02,327203
Lotus,ALL,Astra,Controller,46.73,36406
Lotus,ALL,KAY/O,Initiator,45.84,66915
Lotus,ALL,Harbor,Controller,43.65,19077
Lotus,Iron,Clove,Controller,53.16,30575
Lotus,Iron,Raze,Duelist,51.25,18778
Lotus,Iron,Deadlock,Sentinel,51.24,8918
Lotus,Iron,Chamber,Sentinel,50.92,15601
Lotus,Iron,Reyna,Duelist,50.91,45645
Lotus,Iron,Killjoy,Sentinel,50.62,9211
Lotus,Iron,Breach,Initiator,50.28,5406
Lotus,Iron,Cypher,Sentinel,50.27,15309
Lotus,Iron,Sage,Sentinel,50.05,36942
Lotus,Iron,Vyse,Sentinel,50.03,3334
Lotus,Iron,Gekko,Initiator,49.91,18675
Lotus,Iron,Neon,Duelist,49.9,17276
Lotus,Iron,Tejo,Initiator,49.81,21285
Lotus,Iron,Jett,Duelist,49.74,21720
Lotus,Iron,Fade,Initiator,49.62,8753
Lotus,Iron,Phoenix,Duelist,49.61,15802
Lotus,Iron,Astra,Controller,48.93,1721
Lotus,Iron,Iso,Duelist,48.71,14348
Lotus,Iron,Yoru,Duelist,48.52,14908
Lotus,Iron,Sova,Initiator,48.5,11896
Lotus,Iron,Brimstone,Controller,48.32,10780
Lotus,Iron,Skye,Initiator,48.27,9031
Lotus,Iron,Omen,Controller,48.24,24601
Lotus,Iron,Viper,Controller,47.8,4295
Lotus,Iron,KAY/O,Initiator,46.67,6704
Lotus,Iron,Harbor,Controller,46.61,2626
Lotus,Bronze,Clove,Controller,52.87,144818
Lotus,Bronze,Breach,Initiator,50.92,33349
Lotus,Bronze,Raze,Duelist,50.85,80907
Lotus,Bronze,Jett,Duelist,50.58,103052
Lotus,Bronze,Killjoy,Sentinel,50.57,46123
Lotus,Bronze,Fade,Initiator,50.55,33600
Lotus,Bronze,Reyna,Duelist,50.55,177214
Lotus,Bronze,Sage,Sentinel,50.42,118187
Lotus,Bronze,Chamber,Sentinel,50.4,79142
Lotus,Bronze,Deadlock,Sentinel,50.22,36534
Lotus,Bronze,Gekko,Initiator,49.94,67751
Lotus,Bronze,Vyse,Sentinel,49.86,13838
Lotus,Bronze,Neon,Duelist,49.86,54380
Lotus,Bronze,Skye,Initiator,49.85,36579
Lotus,Bronze,Phoenix,Duelist,49.65,49171
Lotus,Bronze,Iso,Duelist,49.59,53124
Lotus,Bronze,Cypher,Sentinel,49.36,62582
Lotus,Bronze,Sova,Initiator,49.11,36476
Lotus,Bronze,Tejo,Initiator,49.1,84679
Lotus,Bronze,Brimstone,Controller,48.56,34685
Lotus,Bronze,Omen,Controller,47.57,94338
Lotus,Bronze,Astra,Controller,46.94,9013
Lotus,Bronze,Viper,Controller,46.59,12997
Lotus,Bronze,Yoru,Duelist,46.59,33955
Lotus,Bronze,KAY/O,Initiator,46.38,24275
Lotus,Bronze,Harbor,Controller,44.15,7791
Lotus,Silver,Clove,Controller,52.94,139665
Lotus,Silver,Fade,Initiator,50.84,32027
Lotus,Silver,Chamber,Sentinel,50.71,84312
Lotus,Silver,Raze,Duelist,50.69,84889
Lotus,Silver,Sage,Sentinel,50.5,78564
Lotus,Silver,Gekko,Initiator,50.44,58992
Lotus,Silver,Phoenix,Duelist,50.39,36053
Lotus,Silver,Reyna,Duelist,50.34,147931
Lotus,Silver,Neon,Duelist,50.32,39182
Lotus,Silver,Iso,Duelist,50.29,41719
Lotus,Silver,Deadlock,Sentinel,50.26,30751
Lotus,Silver,Breach,Initiator,50.16,39253
Lotus,Silver,Killjoy,Sentinel,50.14,48294
Lotus,Silver,Jett,Duelist,50.07,109302
Lotus,Silver,Vyse,Sentinel,49.68,13755
Lotus,Silver,Skye,Initiator,49.62,31139
Lotus,Silver,Sova,Initiator,49.35,26356
Lotus,Silver,Cypher,Sentinel,49.03,54902
Lotus,Silver,Tejo,Initiator,48.73,75732
Lotus,Silver,Brimstone,Controller,47.92,22999
Lotus,Silver,Yoru,Duelist,47.45,21661
Lotus,Silver,Omen,Controller,46.88,83786
Lotus,Silver,Viper,Controller,46.7,8484
Lotus,Silver,Astra,Controller,46.21,9771
Lotus,Silver,KAY/O,Initiator,45.29,18632
Lotus,Silver,Harbor,Controller,42.02,4869
Lotus,Gold,Clove,Controller,52.57,106972
Lotus,Gold,Vyse,Sentinel,51.4,10901
Lotus,Gold,Fade,Initiator,51.18,26671
Lotus,Gold,Phoenix,Duelist,50.83,21778
Lotus,Gold,Neon,Duelist,50.64,24329
Lotus,Gold,Gekko,Initiator,50.61,42956
Lotus,Gold,Iso,Duelist,50.52,26645
Lotus,Gold,Deadlock,Sentinel,50.51,20312
Lotus,Gold,Chamber,Sentinel,50.35,67023
Lotus,Gold,Breach,Initiator,50.33,34041
Lotus,Gold,Reyna,Duelist,50.31,97174
Lotus,Gold,Raze,Duelist,50.27,68106
Lotus,Gold,Sage,Sentinel,50.15,38860
Lotus,Gold,Jett,Duelist,50.15,88645
Lotus,Gold,Sova,Initiator,50.02,15111
Lotus,Gold,Killjoy,Sentinel,49.91,39572
Lotus,Gold,Skye,Initiator,49.25,20955
Lotus,Gold,Cypher,Sentinel,48.97,39607
Lotus,Gold,Tejo,Initiator,48.28,55956
Lotus,Gold,Yoru,Duelist,47.78,13448
Lotus,Gold,Astra,Controller,47.4,7601
Lotus,Gold,Brimstone,Controller,46.93,11696
Lotus,Gold,Viper,Controller,46.9,4565
Lotus,Gold,Omen,Controller,46.83,59326
Lotus,Gold,KAY/O,Initiator,45.31,10347
Lotus,Gold,Harbor,Controller,43.14,2353
Lotus,Platinum,Clove,Controller,52.52,67224
Lotus,Platinum,Vyse,Sentinel,51.62,7100
Lotus,Platinum,Deadlock,Sentinel,51.61,11185
Lotus,Platinum,Neon,Duelist,51.39,13110
Lotus,Platinum,Sage,Sentinel,50.99,15543
Lotus,Platinum,Iso,Duelist,50.49,14659
Lotus,Platinum,Fade,Initiator,50.47,17362
Lotus,Platinum,Gekko,Initiator,50.44,26182
Lotus,Platinum,Skye,Initiator,50.3,11401
Lotus,Platinum,Phoenix,Duelist,50.25,10929
Lotus,Platinum,Breach,Initiator,50.18,22927
Lotus,Platinum,Reyna,Duelist,50.07,52619
Lotus,Platinum,Raze,Duelist,50.04,43399
Lotus,Platinum,Killjoy,Sentinel,49.96,26135
Lotus,Platinum,Jett,Duelist,49.94,56961
Lotus,Platinum,Chamber,Sentinel,49.92,40739
Lotus,Platinum,Sova,Initiator,49.73,7122
Lotus,Platinum,Cypher,Sentinel,49.38,23333
Lotus,Platinum,Yoru,Duelist,48.92,7209
Lotus,Platinum,Brimstone,Controller,48.8,4629
Lotus,Platinum,Tejo,Initiator,48.35,33887
Lotus,Platinum,Viper,Controller,47.85,2044
Lotus,Platinum,Astra,Controller,46.21,4425
Lotus,Platinum,Omen,Controller,46.06,33889
Lotus,Platinum,KAY/O,Initiator,45.28,4503
Lotus,Platinum,Harbor,Controller,43.62,894
Lotus,Diamond,Deadlock,Sentinel,52.88,6770
Lotus,Diamond,Neon,Duelist,52.23,8570
Lotus,Diamond,Clove,Controller,52.11,48771
Lotus,Diamond,Iso,Duelist,51.67,10046
Lotus,Diamond,Phoenix,Duelist,51.63,5764
Lotus,Diamond,Sova,Initiator,51.23,3449
Lotus,Diamond,Vyse,Sentinel,50.96,5110
Lotus,Diamond,Sage,Sentinel,50.68,5515
Lotus,Diamond,Fade,Initiator,50.5,12823
Lotus,Diamond,Reyna,Duelist,50.1,32338
Lotus,Diamond,Gekko,Initiator,50.06,18026
Lotus,Diamond,Chamber,Sentinel,50.02,26590
Lotus,Diamond,Jett,Duelist,50.0,40699
Lotus,Diamond,Skye,Initiator,49.86,6865
Lotus,Diamond,Killjoy,Sentinel,49.74,20031
Lotus,Diamond,Breach,Initiator,49.68,16199
Lotus,Diamond,Raze,Duelist,49.63,30638
Lotus,Diamond,Yoru,Duelist,49.39,4750
Lotus,Diamond,Viper,Controller,49.25,938
Lotus,Diamond,Cypher,Sentinel,49.18,15378
Lotus,Diamond,Tejo,Initiator,48.22,23376
Lotus,Diamond,Brimstone,Controller,47.54,1914
Lotus,Diamond,Astra,Controller,45.93,2663
Lotus,Diamond,Omen,Controller,45.84,20221
Lotus,Diamond,KAY/O,Initiator,45.53,1856
Lotus,Diamond,Harbor,Controller,41.28,390
Lotus,Ascendant,Brimstone,Controller,57.32,574
Lotus,Ascendant,Deadlock,Sentinel,56.46,3679
Lotus,Ascendant,Sage,Sentinel,54.95,1232
Lotus,Ascendant,Viper,Controller,54.76,473
Lotus,Ascendant,Iso,Duelist,54.3,6219
Lotus,Ascendant,Phoenix,Duelist,52.75,2051
Lotus,Ascendant,Neon,Duelist,51.61,4945
Lotus,Ascendant,Skye,Initiator,51.59,2510
Lotus,Ascendant,Clove,Controller,51.04,26988
Lotus,Ascendant,Fade,Initiator,50.65,7562
Lotus,Ascendant,Gekko,Initiator,50.36,7849
Lotus,Ascendant,Reyna,Duelist,50.15,13865
Lotus,Ascendant,Chamber,Sentinel,49.92,10451
Lotus,Ascendant,Breach,Initiator,49.84,7296
Lotus,Ascendant,Jett,Duelist,49.7,20193
Lotus,Ascendant,Raze,Duelist,49.23,16315
Lotus,Ascendant,Yoru,Duelist,48.77,2571
Lotus,Ascendant,Cypher,Sentinel,48.66,6899
Lotus,Ascendant,KAY/O,Initiator,48.64,440
Lotus,Ascendant,Vyse,Sentinel,48.53,3237
Lotus,Ascendant,Astra,Controller,48.44,927
Lotus,Ascendant,Sova,Initiator,48.3,1497
Lotus,Ascendant,Killjoy,Sentinel,48.19,11541
Lotus,Ascendant,Harbor,Controller,47.96,98
Lotus,Ascendant,Tejo,Initiator,47.95,12793
Lotus,Ascendant,Omen,Controller,46.18,7545
Lotus,Immortal,Sage,Sentinel,66.43,283
Lotus,Immortal,Brimstone,Controller,58.65,104
Lotus,Immortal,Skye,Initiator,56.34,552
Lotus,Immortal,Neon,Duelist,55.39,2271
Lotus,Immortal,Deadlock,Sentinel,52.89,1592
Lotus,Immortal,Yoru,Duelist,52.38,1195
Lotus,Immortal,Fade,Initiator,52.33,3677
Lotus,Immortal,Phoenix,Duelist,51.23,570
Lotus,Immortal,Iso,Duelist,51.13,2777
Lotus,Immortal,Chamber,Sentinel,50.37,2323
Lotus,Immortal,Clove,Controller,50.34,10884
Lotus,Immortal,Gekko,Initiator,49.97,1723
Lotus,Immortal,Killjoy,Sentinel,49.66,3993
Lotus,Immortal,Reyna,Duelist,49.59,3916
Lotus,Immortal,Viper,Controller,49.55,224
Lotus,Immortal,Jett,Duelist,49.23,5816
Lotus,Immortal,Vyse,Sentinel,49.23,2472
Lotus,Immortal,Omen,Controller,48.85,1775
Lotus,Immortal,Raze,Duelist,48.55,6979
Lotus,Immortal,Tejo,Initiator,48.33,5191
Lotus,Immortal,Cypher,Sentinel,47.71,2182
Lotus,Immortal,Sova,Initiator,47.64,678
Lotus,Immortal,Breach,Initiator,47.38,2191
Lotus,Immortal,Astra,Controller,44.51,164
Lotus,Immortal,KAY/O,Initiator,41.18,68
Lotus,Immortal,Harbor,Controller,12.5,40
Lotus,Radiant,Gekko,Initiator,59.1,890
Lotus,Radiant,Brimstone,Controller,57.89,57
Lotus,Radiant,Viper,Controller,57.77,412
Lotus,Radiant,Cypher,Sentinel,54.52,1825
Lotus,Radiant,Iso,Duelist,53.83,1982
Lotus,Radiant,Neon,Duelist,52.4,1874
Lotus,Radiant,Jett,Duelist,52.06,4635
Lotus,Radiant,Fade,Initiator,51.73,4079
Lotus,Radiant,Killjoy,Sentinel,51.57,2835
Lotus,Radiant,Reyna,Duelist,50.64,3185
Lotus,Radiant,Raze,Duelist,50.25,6770
Lotus,Radiant,Clove,Controller,50.18,9478
Lotus,Radiant,Vyse,Sentinel,49.93,3661
Lotus,Radiant,Chamber,Sentinel,49.9,1513
Lotus,Radiant,Skye,Initiator,48.79,455
Lotus,Radiant,Yoru,Duelist,48.14,1612
Lotus,Radiant,Deadlock,Sentinel,47.31,1171
Lotus,Radiant,Tejo,Initiator,46.95,5171
Lotus,Radiant,Omen,Controller,46.75,1722
Lotus,Radiant,Breach,Initiator,42.0,1807
Lotus,Radiant,Sova,Initiator,37.32,426
Lotus,Radiant,KAY/O,Initiator,36.67,90
Lotus,Radiant,Phoenix,Duelist,33.33,180
Lotus,Radiant,Sage,Sentinel,30.89,123
Lotus,Radiant,Astra,Controller,25.62,121
Lotus,Radiant,Harbor,Controller,0.0,16
Pearl,ALL,Clove,Controller,52.86,609247
Pearl,ALL,Vyse,Sentinel,51.01,92383
Pearl,ALL,Gekko,Initiator,50.89,246773
Pearl,ALL,Deadlock,Sentinel,50.85,138479
Pearl,ALL,Phoenix,Duelist,50.84,220373
Pearl,ALL,Reyna,Duelist,50.59,687071
Pearl,ALL,Killjoy,Sentinel,50.56,216538
Pearl,ALL,Fade,Initiator,50.52,225088
Pearl,ALL,Cypher,Sentinel,50.45,283432
Pearl,ALL,Sage,Sentinel,50.37,372164
Pearl,ALL,Neon,Duelist,50.17,186800
Pearl,ALL,Jett,Duelist,50.16,644355
Pearl,ALL,Iso,Duelist,49.96,213569
Pearl,ALL,Sova,Initiator,49.51,179653
Pearl,ALL,Chamber,Sentinel,49.3,372555
Pearl,ALL,Breach,Initiator,49.24,86024
Pearl,ALL,Raze,Duelist,49.22,162942
Pearl,ALL,Skye,Initiator,49.2,117171
Pearl,ALL,Brimstone,Controller,48.8,111431
Pearl,ALL,Tejo,Initiator,48.7,348840
Pearl,ALL,Astra,Controller,48.25,178059
Pearl,ALL,Yoru,Duelist,48.19,144827
Pearl,ALL,Viper,Controller,47.99,64865
Pearl,ALL,Omen,Controller,46.73,247752
Pearl,ALL,KAY/O,Initiator,46.45,104802
Pearl,ALL,Harbor,Controller,45.23,57417
Pearl,Iron,Clove,Controller,53.17,35982
Pearl,Iron,Killjoy,Sentinel,52.72,10159
Pearl,Iron,Reyna,Duelist,51.19,54182
Pearl,Iron,Deadlock,Sentinel,51.01,10911
Pearl,Iron,Cypher,Sentinel,50.89,19695
Pearl,Iron,Skye,Initiator,50.88,9340
Pearl,Iron,Sage,Sentinel,50.44,45268
Pearl,Iron,Gekko,Initiator,50.36,21486
Pearl,Iron,Vyse,Sentinel,50.29,4554
Pearl,Iron,Breach,Initiator,50.16,5349
Pearl,Iron,Raze,Duelist,49.89,17416
Pearl,Iron,Chamber,Sentinel,49.79,18201
Pearl,Iron,Neon,Duelist,49.78,20479
Pearl,Iron,Fade,Initiator,49.52,11000
Pearl,Iron,Astra,Controller,49.41,3125
Pearl,Iron,Jett,Duelist,49.32,26869
Pearl,Iron,Phoenix,Duelist,49.32,19353
Pearl,Iron,Tejo,Initiator,49.3,25087
Pearl,Iron,Iso,Duelist,49.23,17069
Pearl,Iron,Brimstone,Controller,49.17,12962
Pearl,Iron,Sova,Initiator,48.18,14517
Pearl,Iron,Viper,Controller,47.91,5539
Pearl,Iron,Yoru,Duelist,47.63,18573
Pearl,Iron,Omen,Controller,47.58,26195
Pearl,Iron,KAY/O,Initiator,47.37,8119
Pearl,Iron,Harbor,Controller,46.02,3890
Pearl,Bronze,Clove,Controller,52.86,161620
Pearl,Bronze,Killjoy,Sentinel,51.29,48831
Pearl,Bronze,Gekko,Initiator,51.01,73365
Pearl,Bronze,Reyna,Duelist,50.8,206433
Pearl,Bronze,Deadlock,Sentinel,50.63,43529
Pearl,Bronze,Jett,Duelist,50.47,132290
Pearl,Bronze,Vyse,Sentinel,50.43,19354
Pearl,Bronze,Fade,Initiator,50.43,43654
Pearl,Bronze,Sage,Sentinel,50.31,142153
Pearl,Bronze,Phoenix,Duelist,50.24,63291
Pearl,Bronze,Cypher,Sentinel,50.19,78926
Pearl,Bronze,Breach,Initiator,49.83,25775
Pearl,Bronze,Neon,Duelist,49.7,62060
Pearl,Bronze,Raze,Duelist,49.54,54568
Pearl,Bronze,Chamber,Sentinel,49.54,90123
Pearl,Bronze,Iso,Duelist,49.34,64148
Pearl,Bronze,Astra,Controller,49.22,25005
Pearl,Bronze,Sova,Initiator,49.13,48952
Pearl,Bronze,Tejo,Initiator,48.96,97030
Pearl,Bronze,Skye,Initiator,48.93,36957
Pearl,Bronze,Brimstone,Controller,48.53,41984
Pearl,Bronze,Viper,Controller,47.85,18127
Pearl,Bronze,Omen,Controller,47.25,86502
Pearl,Bronze,Yoru,Duelist,47.24,43734
Pearl,Bronze,KAY/O,Initiator,47.17,30963
Pearl,Bronze,Harbor,Controller,45.57,16396
Pearl,Silver,Clove,Controller,52.91,153912
Pearl,Silver,Gekko,Initiator,51.08,62207
Pearl,Silver,Phoenix,Duelist,51.08,54126
Pearl,Silver,Fade,Initiator,51.0,45323
Pearl,Silver,Deadlock,Sentinel,50.82,37358
Pearl,Silver,Vyse,Sentinel,50.59,20329
Pearl,Silver,Reyna,Duelist,50.58,179496
Pearl,Silver,Killjoy,Sentinel,50.52,49333
Pearl,Silver,Cypher,Sentinel,50.49,70127
Pearl,Silver,Sage,Sentinel,50.3,102723
Pearl,Silver,Jett,Duelist,50.28,154523
Pearl,Silver,Sova,Initiator,49.84,43625
Pearl,Silver,Neon,Duelist,49.73,46577
Pearl,Silver,Iso,Duelist,49.58,53157
Pearl,Silver,Chamber,Sentinel,49.46,97355
Pearl,Silver,Skye,Initiator,49.27,32139
Pearl,Silver,Breach,Initiator,49.15,25468
Pearl,Silver,Raze,Duelist,49.07,44204
Pearl,Silver,Astra,Controller,48.77,36676
Pearl,Silver,Brimstone,Controller,48.74,30383
Pearl,Silver,Tejo,Initiator,48.43,87813
Pearl,Silver,Yoru,Duelist,48.41,30987
Pearl,Silver,Viper,Controller,47.88,16284
Pearl,Silver,Omen,Controller,46.58,67415
Pearl,Silver,KAY/O,Initiator,46.14,28089
Pearl,Silver,Harbor,Controller,45.18,15531
Pearl,Gold,Clove,Controller,52.85,110271
Pearl,Gold,Vyse,Sentinel,51.58,16587
Pearl,Gold,Phoenix,Duelist,51.28,37140
Pearl,Gold,Gekko,Initiator,50.93,43851
Pearl,Gold,Deadlock,Sentinel,50.82,24213
Pearl,Gold,Fade,Initiator,50.77,40117
Pearl,Gold,Cypher,Sentinel,50.67,50712
Pearl,Gold,Reyna,Duelist,50.54,118252
Pearl,Gold,Sage,Sentinel,50.28,52688
Pearl,Gold,Jett,Duelist,50.17,131141
Pearl,Gold,Killjoy,Sentinel,50.1,40207
Pearl,Gold,Neon,Duelist,50.08,28106
Pearl,Gold,Iso,Duelist,49.8,34882
Pearl,Gold,Sova,Initiator,49.64,31555
Pearl,Gold,Skye,Initiator,49.41,20569
Pearl,Gold,Brimstone,Controller,49.35,15747
Pearl,Gold,Chamber,Sentinel,49.25,77700
Pearl,Gold,Raze,Duelist,49.19,26661
Pearl,Gold,Viper,Controller,48.86,11991
Pearl,Gold,Tejo,Initiator,48.64,62813
Pearl,Gold,Breach,Initiator,48.55,16669
Pearl,Gold,Yoru,Duelist,48.46,21279
Pearl,Gold,Astra,Controller,48.41,39186
Pearl,Gold,KAY/O,Initiator,46.43,19071
Pearl,Gold,Omen,Controller,46.07,40453
Pearl,Gold,Harbor,Controller,45.0,11039
Pearl,Platinum,Clove,Controller,52.72,58720
Pearl,Platinum,Phoenix,Duelist,51.6,19687
Pearl,Platinum,Deadlock,Sentinel,51.32,11213
Pearl,Platinum,Neon,Duelist,51.13,13052
Pearl,Platinum,Gekko,Initiator,50.95,23410
Pearl,Platinum,Killjoy,Sentinel,50.75,24742
Pearl,Platinum,Iso,Duelist,50.72,17436
Pearl,Platinum,Cypher,Sentinel,50.59,28022
Pearl,Platinum,Sage,Sentinel,50.4,18504
Pearl,Platinum,Fade,Initiator,50.3,27357
Pearl,Platinum,Reyna,Duelist,50.28,58666
Pearl,Platinum,Yoru,Duelist,50.11,10819
Pearl,Platinum,Sova,Initiator,50.05,16832
Pearl,Platinum,Jett,Duelist,50.01,79567
Pearl,Platinum,Vyse,Sentinel,49.95,9645
Pearl,Platinum,Breach,Initiator,49.01,7315
Pearl,Platinum,Chamber,Sentinel,48.94,42942
Pearl,Platinum,Brimstone,Controller,48.84,6053
Pearl,Platinum,Tejo,Initiator,48.75,33396
Pearl,Platinum,Skye,Initiator,48.67,9954
Pearl,Platinum,Astra,Controller,48.44,27919
Pearl,Platinum,Raze,Duelist,48.33,11530
Pearl,Platinum,Viper,Controller,47.82,6503
Pearl,Platinum,Omen,Controller,46.14,16633
Pearl,Platinum,KAY/O,Initiator,45.67,9243
Pearl,Platinum,Harbor,Controller,44.89,5730
Pearl,Diamond,Clove,Controller,53.13,44219
Pearl,Diamond,Neon,Duelist,51.84,8700
Pearl,Diamond,Phoenix,Duelist,51.84,13956
Pearl,Diamond,Deadlock,Sentinel,51.72,7239
Pearl,Diamond,Iso,Duelist,51.59,13091
Pearl,Diamond,Vyse,Sentinel,51.37,7644
Pearl,Diamond,Sage,Sentinel,51.33,8405
Pearl,Diamond,Gekko,Initiator,50.89,16028
Pearl,Diamond,Cypher,Sentinel,50.66,20801
Pearl,Diamond,Fade,Initiator,50.61,25166
Pearl,Diamond,Sova,Initiator,50.39,11848
Pearl,Diamond,Reyna,Duelist,50.24,40645
Pearl,Diamond,Killjoy,Sentinel,50.06,20132
Pearl,Diamond,Jett,Duelist,49.84,63574
Pearl,Diamond,Yoru,Duelist,49.59,8030
Pearl,Diamond,Brimstone,Controller,49.25,3141
Pearl,Diamond,Chamber,Sentinel,48.82,30508
Pearl,Diamond,Tejo,Initiator,48.31,23977
Pearl,Diamond,Viper,Controller,47.95,4740
Pearl,Diamond,Skye,Initiator,47.93,5798
Pearl,Diamond,Breach,Initiator,47.85,3912
Pearl,Diamond,Raze,Duelist,47.69,6228
Pearl,Diamond,Astra,Controller,47.41,23776
Pearl,Diamond,Omen,Controller,44.9,8355
Pearl,Diamond,Harbor,Controller,44.64,3645
Pearl,Diamond,KAY/O,Initiator,44.38,5962
Pearl,Ascendant,Sage,Sentinel,56.64,1928
Pearl,Ascendant,Neon,Duelist,56.1,4754
Pearl,Ascendant,Deadlock,Sentinel,52.99,2948
Pearl,Ascendant,Iso,Duelist,52.64,8264
Pearl,Ascendant,Clove,Controller,52.6,25325
Pearl,Ascendant,Breach,Initiator,52.51,1154
Pearl,Ascendant,Phoenix,Duelist,52.39,7399
Pearl,Ascendant,Vyse,Sentinel,51.84,5392
Pearl,Ascendant,Cypher,Sentinel,50.42,10059
Pearl,Ascendant,Jett,Duelist,49.72,34528
Pearl,Ascendant,Sova,Initiator,49.68,6284
Pearl,Ascendant,Fade,Initiator,49.67,17749
Pearl,Ascendant,Gekko,Initiator,49.46,5350
Pearl,Ascendant,Reyna,Duelist,49.2,19223
Pearl,Ascendant,Killjoy,Sentinel,48.97,13532
Pearl,Ascendant,Chamber,Sentinel,48.91,11905
Pearl,Ascendant,Tejo,Initiator,48.74,12164
Pearl,Ascendant,Raze,Duelist,48.45,1969
Pearl,Ascendant,Skye,Initiator,48.44,1864
Pearl,Ascendant,Yoru,Duelist,48.42,4983
Pearl,Ascendant,Astra,Controller,46.94,13642
Pearl,Ascendant,Brimstone,Controller,46.18,890
Pearl,Ascendant,KAY/O,Initiator,45.19,2206
Pearl,Ascendant,Viper,Controller,45.05,1434
Pearl,Ascendant,Harbor,Controller,44.61,1011
Pearl,Ascendant,Omen,Controller,43.43,2003
Pearl,Immortal,Skye,Initiator,61.73,392
Pearl,Immortal,Brimstone,Controller,56.56,221
Pearl,Immortal,Iso,Duelist,53.55,3479
Pearl,Immortal,Neon,Duelist,53.4,1781
Pearl,Immortal,Phoenix,Duelist,52.81,3310
Pearl,Immortal,Vyse,Sentinel,52.71,4428
Pearl,Immortal,Clove,Controller,52.0,11273
Pearl,Immortal,Fade,Initiator,51.87,8322
Pearl,Immortal,Omen,Controller,51.28,156
Pearl,Immortal,Jett,Duelist,50.53,13276
Pearl,Immortal,Breach,Initiator,49.76,207
Pearl,Immortal,Viper,Controller,49.71,175
Pearl,Immortal,Cypher,Sentinel,49.68,3303
Pearl,Immortal,Sova,Initiator,49.23,3246
Pearl,Immortal,Yoru,Duelist,49.07,3234
Pearl,Immortal,Reyna,Duelist,48.67,6441
Pearl,Immortal,Killjoy,Sentinel,48.35,5956
Pearl,Immortal,Sage,Sentinel,48.24,313
Pearl,Immortal,Chamber,Sentinel,48.14,2522
Pearl,Immortal,Gekko,Initiator,47.64,804
Pearl,Immortal,Astra,Controller,45.94,5333
Pearl,Immortal,KAY/O,Initiator,44.88,742
Pearl,Immortal,Raze,Duelist,44.26,244
Pearl,Immortal,Harbor,Controller,44.26,122
Pearl,Immortal,Deadlock,Sentinel,44.19,663
Pearl,Immortal,Tejo,Initiator,43.71,4377
Pearl,Radiant,Omen,Controller,67.5,40
Pearl,Radiant,Tejo,Initiator,55.66,2183
Pearl,Radiant,KAY/O,Initiator,54.3,407
Pearl,Radiant,Iso,Duelist,53.74,2043
Pearl,Radiant,Vyse,Sentinel,52.99,4450
Pearl,Radiant,Clove,Controller,51.9,7925
Pearl,Radiant,Killjoy,Sentinel,51.34,3646
Pearl,Radiant,Reyna,Duelist,51.17,3733
Pearl,Radiant,Jett,Duelist,50.63,8587
Pearl,Radiant,Raze,Duelist,50.0,122
Pearl,Radiant,Neon,Duelist,49.34,1291
Pearl,Radiant,Sova,Initiator,49.25,2794
Pearl,Radiant,Yoru,Duelist,49.25,3188
Pearl,Radiant,Fade,Initiator,48.92,6400
Pearl,Radiant,Phoenix,Duelist,46.28,2111
Pearl,Radiant,Gekko,Initiator,45.96,272
Pearl,Radiant,Astra,Controller,45.63,3397
Pearl,Radiant,Cypher,Sentinel,45.5,1787
Pearl,Radiant,Chamber,Sentinel,44.73,1299
Pearl,Radiant,Deadlock,Sentinel,42.72,405
Pearl,Radiant,Viper,Controller,38.89,72
Pearl,Radiant,Sage,Sentinel,36.26,182
Pearl,Radiant,Harbor,Controller,35.85,53
Pearl,Radiant,Breach,Initiator,33.14,175
Pearl,Radiant,Brimstone,Controller,30.0,50
Pearl,Radiant,Skye,Initiator,27.22,158
Split,ALL,Clove,Controller,52.45,695352
Split,ALL,Sage,Sentinel,51.57,539570
Split,ALL,Deadlock,Sentinel,50.91,140509
Split,ALL,Reyna,Duelist,50.54,692872
Split,ALL,Raze,Duelist,50.25,417550
Split,ALL,Skye,Initiator,50.22,249460
Split,ALL,Phoenix,Duelist,50.17,193606
Split,ALL,Breach,Initiator,50.08,172558
Split,ALL,Cypher,Sentinel,50.04,520196
Split,ALL,Jett,Duelist,49.96,584298
Split,ALL,Iso,Duelist,49.89,186655
Split,ALL,Fade,Initiator,49.68,95096
Split,ALL,Neon,Duelist,49.68,167418
Split,ALL,Gekko,Initiator,49.6,189156
Split,ALL,Killjoy,Sentinel,49.59,132565
Split,ALL,Vyse,Sentinel,49.56,63408
Split,ALL,Tejo,Initiator,49.1,396986
Split,ALL,Sova,Initiator,49.03,141171
Split,ALL,Brimstone,Controller,48.82,123272
Split,ALL,Chamber,Sentinel,48.75,210717
Split,ALL,Yoru,Duelist,47.91,128227
Split,ALL,Viper,Controller,47.28,44578
Split,ALL,Astra,Controller,47.19,54259
Split,ALL,Omen,Controller,47.18,399097
Split,ALL,KAY/O,Initiator,46.71,98675
Split,ALL,Harbor,Controller,43.99,15489
Split,Iron,Clove,Controller,52.83,37129
Split,Iron,Cypher,Sentinel,51.29,25600
Split,Iron,Killjoy,Sentinel,51.27,9432
Split,Iron,Raze,Duelist,51.11,22247
Split,Iron,Sage,Sentinel,50.79,47746
Split,Iron,Deadlock,Sentinel,50.77,10837
Split,Iron,Reyna,Duelist,50.75,55454
Split,Iron,Skye,Initiator,50.51,11167
Split,Iron,Fade,Initiator,50.36,9609
Split,Iron,Breach,Initiator,50.07,6337
Split,Iron,Astra,Controller,49.93,2101
Split,Iron,Chamber,Sentinel,49.62,13244
Split,Iron,Iso,Duelist,49.52,16858
Split,Iron,Jett,Duelist,49.4,26440
Split,Iron,Gekko,Initiator,49.3,21342
Split,Iron,Phoenix,Duelist,49.19,20230
Split,Iron,Tejo,Initiator,49.13,26203
Split,Iron,Neon,Duelist,49.11,20819
Split,Iron,Sova,Initiator,48.85,14074
Split,Iron,Vyse,Sentinel,48.84,4064
Split,Iron,KAY/O,Initiator,48.68,7923
Split,Iron,Omen,Controller,48.6,29781
Split,Iron,Brimstone,Controller,48.21,14067
Split,Iron,Viper,Controller,47.95,5391
Split,Iron,Yoru,Duelist,47.31,18388
Split,Iron,Harbor,Controller,45.65,2587
Split,Bronze,Clove,Controller,52.72,174126
Split,Bronze,Sage,Sentinel,51.17,169300
Split,Bronze,Deadlock,Sentinel,51.09,42909
Split,Bronze,Reyna,Duelist,50.58,214085
Split,Bronze,Cypher,Sentinel,50.41,126230
Split,Bronze,Killjoy,Sentinel,50.29,41394
Split,Bronze,Raze,Duelist,50.2,93239
Split,Bronze,Breach,Initiator,50.17,36104
Split,Bronze,Jett,Duelist,50.17,130240
Split,Bronze,Skye,Initiator,50.08,51922
Split,Bronze,Phoenix,Duelist,50.05,66053
Split,Bronze,Gekko,Initiator,49.96,68771
Split,Bronze,Vyse,Sentinel,49.74,15861
Split,Bronze,Fade,Initiator,49.58,31328
Split,Bronze,Neon,Duelist,49.43,61865
Split,Bronze,Iso,Duelist,49.21,61398
Split,Bronze,Tejo,Initiator,49.2,105374
Split,Bronze,Brimstone,Controller,49.01,47551
Split,Bronze,Sova,Initiator,48.97,46979
Split,Bronze,Chamber,Sentinel,48.75,59736
Split,Bronze,Omen,Controller,47.63,114971
Split,Bronze,Yoru,Duelist,47.48,43685
Split,Bronze,Astra,Controller,47.2,11573
Split,Bronze,Viper,Controller,47.09,15990
Split,Bronze,KAY/O,Initiator,46.67,31670
Split,Bronze,Harbor,Controller,44.7,6976
Split,Silver,Clove,Controller,52.48,160919
Split,Silver,Sage,Sentinel,51.61,132696
Split,Silver,Reyna,Duelist,50.61,170874
Split,Silver,Deadlock,Sentinel,50.53,34088
Split,Silver,Raze,Duelist,50.42,92858
Split,Silver,Skye,Initiator,50.26,50631
Split,Silver,Jett,Duelist,50.18,137108
Split,Silver,Breach,Initiator,50.13,39503
Split,Silver,Phoenix,Duelist,50.13,48795
Split,Silver,Cypher,Sentinel,50.05,118218
Split,Silver,Fade,Initiator,49.9,22870
Split,Silver,Vyse,Sentinel,49.83,13308
Split,Silver,Gekko,Initiator,49.63,47902
Split,Silver,Killjoy,Sentinel,49.6,35533
Split,Silver,Neon,Duelist,49.59,39244
Split,Silver,Iso,Duelist,49.09,44928
Split,Silver,Tejo,Initiator,49.05,93340
Split,Silver,Sova,Initiator,48.84,36163
Split,Silver,Brimstone,Controller,48.64,31949
Split,Silver,Chamber,Sentinel,48.59,54822
Split,Silver,Yoru,Duelist,47.88,27051
Split,Silver,Astra,Controller,47.68,13030
Split,Silver,Omen,Controller,47.31,98030
Split,Silver,Viper,Controller,47.05,10143
Split,Silver,KAY/O,Initiator,46.89,26231
Split,Silver,Harbor,Controller,43.63,3456
Split,Gold,Clove,Controller,52.64,132139
Split,Gold,Sage,Sentinel,51.91,97558
Split,Gold,Deadlock,Sentinel,50.85,23908
Split,Gold,Skye,Initiator,50.56,47686
Split,Gold,Phoenix,Duelist,50.54,32231
Split,Gold,Reyna,Duelist,50.46,121624
Split,Gold,Raze,Duelist,50.22,82067
Split,Gold,Iso,Duelist,50.19,29417
Split,Gold,Breach,Initiator,50.09,36994
Split,Gold,Jett,Duelist,49.95,122938
Split,Gold,Cypher,Sentinel,49.77,99809
Split,Gold,Neon,Duelist,49.7,23372
Split,Gold,Vyse,Sentinel,49.56,11426
Split,Gold,Fade,Initiator,49.46,15891
Split,Gold,Sova,Initiator,49.35,24995
Split,Gold,Gekko,Initiator,49.32,30241
Split,Gold,Tejo,Initiator,49.09,74435
Split,Gold,Killjoy,Sentinel,48.89,25155
Split,Gold,Chamber,Sentinel,48.64,42140
Split,Gold,Brimstone,Controller,48.51,18261
Split,Gold,Yoru,Duelist,48.41,17797
Split,Gold,Viper,Controller,47.09,6039
Split,Gold,Astra,Controller,46.78,11893
Split,Gold,Omen,Controller,46.74,76982
Split,Gold,KAY/O,Initiator,46.38,18509
Split,Gold,Harbor,Controller,40.91,1623
Split,Platinum,Clove,Controller,52.51,75721
Split,Platinum,Sage,Sentinel,52.01,49220
Split,Platinum,Deadlock,Sentinel,51.49,12400
Split,Platinum,Iso,Duelist,51.36,14428
Split,Platinum,Neon,Duelist,51.04,10364
Split,Platinum,Breach,Initiator,50.65,24081
Split,Platinum,Reyna,Duelist,50.58,61218
Split,Platinum,Vyse,Sentinel,50.36,6464
Split,Platinum,Skye,Initiator,50.34,30646
Split,Platinum,Phoenix,Duelist,50.15,14731
Split,Platinum,Raze,Duelist,49.97,48860
Split,Platinum,Jett,Duelist,49.66,72875
Split,Platinum,Cypher,Sentinel,49.61,59308
Split,Platinum,Fade,Initiator,49.37,7539
Split,Platinum,Brimstone,Controller,49.28,7191
Split,Platinum,Sova,Initiator,49.2,11617
Split,Platinum,Tejo,Initiator,49.03,41221
Split,Platinum,Chamber,Sentinel,48.91,21346
Split,Platinum,Gekko,Initiator,48.67,13153
Split,Platinum,Yoru,Duelist,48.57,8993
Split,Platinum,Killjoy,Sentinel,48.09,11855
Split,Platinum,Astra,Controller,46.62,7081
Split,Platinum,Viper,Controller,46.53,2637
Split,Platinum,Omen,Controller,46.5,40910
Split,Platinum,KAY/O,Initiator,45.52,8622
Split,Platinum,Harbor,Controller,41.65,509
Split,Diamond,Sage,Sentinel,52.42,29129
Split,Diamond,Clove,Controller,52.16,56584
Split,Diamond,Neon,Duelist,51.89,6283
Split,Diamond,Deadlock,Sentinel,51.79,8378
Split,Diamond,Iso,Duelist,51.34,9678
Split,Diamond,Phoenix,Duelist,50.53,7703
Split,Diamond,Skye,Initiator,50.28,25781
Split,Diamond,Reyna,Duelist,50.13,39472
Split,Diamond,Brimstone,Controller,50.03,3224
Split,Diamond,Breach,Initiator,50.01,18469
Split,Diamond,Raze,Duelist,49.9,36232
Split,Diamond,Jett,Duelist,49.82,54099
Split,Diamond,Yoru,Duelist,49.74,5619
Split,Diamond,Fade,Initiator,49.7,4469
Split,Diamond,Cypher,Sentinel,49.66,45925
Split,Diamond,Sova,Initiator,49.44,5643
Split,Diamond,Gekko,Initiator,49.25,6102
Split,Diamond,Tejo,Initiator,48.92,29295
Split,Diamond,Vyse,Sentinel,48.88,4446
Split,Diamond,Killjoy,Sentinel,48.42,6654
Split,Diamond,Chamber,Sentinel,48.38,12598
Split,Diamond,Omen,Controller,46.27,25265
Split,Diamond,Astra,Controller,45.81,5086
Split,Diamond,KAY/O,Initiator,45.75,4404
Split,Diamond,Viper,Controller,45.32,1379
Split,Diamond,Harbor,Controller,41.78,213
Split,Ascendant,Iso,Duelist,55.23,6335
Split,Ascendant,Sage,Sentinel,52.79,10317
Split,Ascendant,Phoenix,Duelist,52.59,2938
Split,Ascendant,Viper,Controller,52.38,1008
Split,Ascendant,Brimstone,Controller,52.21,881
Split,Ascendant,Neon,Duelist,51.89,3332
Split,Ascendant,Clove,Controller,51.59,34093
Split,Ascendant,Gekko,Initiator,51.44,1454
Split,Ascendant,Deadlock,Sentinel,51.08,4693
Split,Ascendant,Sova,Initiator,50.9,1395
Split,Ascendant,Fade,Initiator,50.35,1877
Split,Ascendant,Killjoy,Sentinel,49.96,2228
Split,Ascendant,Jett,Duelist,49.79,27427
Split,Ascendant,Reyna,Duelist,49.67,19380
Split,Ascendant,Raze,Duelist,49.62,22603
Split,Ascendant,Cypher,Sentinel,49.58,27342
Split,Ascendant,Skye,Initiator,49.54,18297
Split,Ascendant,Tejo,Initiator,49.42,15670
Split,Ascendant,Breach,Initiator,48.83,8352
Split,Ascendant,Chamber,Sentinel,48.61,4666
Split,Ascendant,Vyse,Sentinel,48.53,3167
Split,Ascendant,Yoru,Duelist,47.77,3073
Split,Ascendant,Astra,Controller,47.11,2299
Split,Ascendant,KAY/O,Initiator,45.91,1089
Split,Ascendant,Omen,Controller,44.55,9556
Split,Ascendant,Harbor,Controller,19.23,78
Split,Immortal,Harbor,Controller,63.64,11
Split,Immortal,Phoenix,Duelist,56.98,630
Split,Immortal,Sage,Sentinel,55.84,2328
Split,Immortal,Brimstone,Controller,53.04,115
Split,Immortal,Neon,Duelist,52.68,1196
Split,Immortal,Vyse,Sentinel,51.99,2381
Split,Immortal,Viper,Controller,51.98,935
Split,Immortal,KAY/O,Initiator,51.89,185
Split,Immortal,Astra,Controller,51.63,738
Split,Immortal,Reyna,Duelist,51.3,6928
Split,Immortal,Raze,Duelist,50.98,10684
Split,Immortal,Clove,Controller,50.59,14538
Split,Immortal,Iso,Duelist,50.54,2230
Split,Immortal,Chamber,Sentinel,50.53,1122
Split,Immortal,Cypher,Sentinel,50.28,10618
Split,Immortal,Skye,Initiator,49.87,7861
Split,Immortal,Jett,Duelist,48.67,8366
Split,Immortal,Tejo,Initiator,47.99,6553
Split,Immortal,Gekko,Initiator,47.71,153
Split,Immortal,Fade,Initiator,47.55,877
Split,Immortal,Deadlock,Sentinel,46.82,1841
Split,Immortal,Yoru,Duelist,45.99,1735
Split,Immortal,Sova,Initiator,45.53,123
Split,Immortal,Killjoy,Sentinel,45.34,247
Split,Immortal,Omen,Controller,44.57,1961
Split,Immortal,Breach,Initiator,44.25,1704
Split,Radiant,KAY/O,Initiator,73.81,42
Split,Radiant,Brimstone,Controller,69.7,33
Split,Radiant,Phoenix,Duelist,62.03,295
Split,Radiant,Harbor,Controller,55.56,36
Split,Radiant,Iso,Duelist,53.65,1383
Split,Radiant,Breach,Initiator,53.16,1014
Split,Radiant,Yoru,Duelist,52.55,1886
Split,Radiant,Deadlock,Sentinel,51.55,1455
Split,Radiant,Omen,Controller,51.19,1641
Split,Radiant,Raze,Duelist,50.81,8760
Split,Radiant,Jett,Duelist,50.7,4805
Split,Radiant,Reyna,Duelist,50.64,3837
Split,Radiant,Clove,Controller,50.16,10103
Split,Radiant,Tejo,Initiator,49.89,4895
Split,Radiant,Cypher,Sentinel,49.87,7146
Split,Radiant,Chamber,Sentinel,49.86,1043
Split,Radiant,Skye,Initiator,49.57,5469
Split,Radiant,Astra,Controller,48.47,458
Split,Radiant,Sage,Sentinel,48.12,1276
Split,Radiant,Gekko,Initiator,47.37,38
Split,Radiant,Fade,Initiator,46.86,636
Split,Radiant,Vyse,Sentinel,45.92,2291
Split,Radiant,Viper,Controller,45.27,1056
Split,Radiant,Neon,Duelist,40.4,943
Split,Radiant,Sova,Initiator,32.97,182
Split,Radiant,Killjoy,Sentinel,26.87,67
